Nombre Centro;Dirección;Cód. Municipio;Municipio;Cód. Provincia;Provincia;Cód. CCAA;CCAA;Código Postal;CAMAS
HOSPITAL VIRGEN DEL MAR;CARRETERA DEL MAMI, KM. 1 S/N;40139;Almería;4;ALMERÍA;1;ANDALUCÍA;4120;76
HOSPITAL UNIVERSITARIO TORRECARDENAS;CALLE PARAJE TORRECARDENAS S/N;40139;Almería;4;ALMERÍA;1;ANDALUCÍA;4009;635
HOSPITAL DE  LA CRUZ ROJA DE ALMERIA;CARRETERA DE RONDA S/N;40139;Almería;4;ALMERÍA;1;ANDALUCÍA;4009;69
HOSPITAL LA INMACULADA;AVENIDA DOCTORA ANA PARRA S/N;40530;Huércal-Overa;4;ALMERÍA;1;ANDALUCÍA;4600;184
HOSPITAL DE PONIENTE;CARRETERA ALMERIMAR S/N;49026;Ejido, El;4;ALMERÍA;1;ANDALUCÍA;4700;261
HOSPITAL  MEDITERRANEO;CALLE NUEVA MUSA 8;40139;Almería;4;ALMERÍA;1;ANDALUCÍA;4007;89
HOSPITAL DE ALTA RESOLUCION ELTOYO;CAMINO DE LA BOTICA S/N;40139;Almería;4;ALMERÍA;1;ANDALUCÍA;4131;44
CLINICA SERMAN - INSTITUTO MEDICO;PASEO LA ROSALEDA 40;110201;Jerez de la Frontera;11;CÁDIZ;1;ANDALUCÍA;11405;41
HOSPITAL GENERAL SANTA MARIA DEL PUERTO;CALLE VALDES S/N;110276;Puerto de Santa María, El;11;CÁDIZ;1;ANDALUCÍA;11500;238
HOSPITAL SAN  JUAN GRANDE;GLORIETA DOCTOR FELIX RODRIGUEZ DE LA FUENTE S/N;110201;Jerez de la Frontera;11;CÁDIZ;1;ANDALUCÍA;11408;143
HOSPITAL SAN RAFAEL;CALLE DIEGO ARIAS 2;110125;Cádiz;11;CÁDIZ;1;ANDALUCÍA;11002;280
HOSPITAL PUNTA DE EUROPA;CARRETERA GETARES S/N;110048;Algeciras;11;CÁDIZ;1;ANDALUCÍA;11207;270
HOSPITAL UNIVERSITARIO PUERTA DEL MAR;AVENIDA ANA DE VIYA 21;110125;Cádiz;11;CÁDIZ;1;ANDALUCÍA;11009;674
HOSPITAL UNIVERSITARIO DE JEREZ DE LA FRONTERA;CARRETERA RONDA CIRCUNVALACION S/N;110201;Jerez de la Frontera;11;CÁDIZ;1;ANDALUCÍA;11408;476
HOSPITAL UNIVERSITARIO DE PUERTO REAL;CARRETERA NACIONAL IV, KM. 665 S/N;110282;Puerto Real;11;CÁDIZ;1;ANDALUCÍA;11510;319
CLINICA LA SALUD;CALLE FEDUCHY 8-14;110125;Cádiz;11;CÁDIZ;1;ANDALUCÍA;11001;58
HOSPITAL VIRGEN DE LAS MONTAÑAS;AVENIDA AMBULATORIO S/N;110414;Villamartín;11;CÁDIZ;1;ANDALUCÍA;11650;108
HOSPITAL VIRGEN DEL CAMINO;CARRETERA SANLUCAR-CHIPIONA, S/N S/N;110321;Sanlúcar de Barrameda;11;CÁDIZ;1;ANDALUCÍA;11540;118
HOSPITAL JEREZ PUERTA DEL SUR;AVENIDA PUERTA DEL SUR S/N;110201;Jerez de la Frontera;11;CÁDIZ;1;ANDALUCÍA;11408;98
CLINICA LOS ALAMOS;AVENIDA TAMARIX 4;110201;Jerez de la Frontera;11;CÁDIZ;1;ANDALUCÍA;11407;15
HOSPITAL VIAMED NOVO SANCTI PETRI;AVENIDA OCTAVIO AUGUSTO, S/N S/N;110159;Chiclana de la Frontera;11;CÁDIZ;1;ANDALUCÍA;11139;37
HOSPITAL VIAMED BAHIA DE CADIZ;CALLE AYALA 2;110159;Chiclana de la Frontera;11;CÁDIZ;1;ANDALUCÍA;11130;46
HOSPITAL QUIRON CAMPO DE GIBRALTAR;CALLE ARTTYSUR - P. E. T. LAS MARISMAS DE PALMONES S/N;110086;Barrios, Los;11;CÁDIZ;1;ANDALUCÍA;11379;64
HOSPITAL DE LA LINEA DE LA CONCEPCION;RONDA NORTE, ESQUINA C/ GABRIEL MIRÃ³ S/N;110223;Línea de la Concepción, La;11;CÁDIZ;1;ANDALUCÍA;11300;243
HOSPITAL SAN  CARLOS DE SAN FERNANDO;PASEO CAPITAN CONFORTO S/N;110316;San Fernando;11;CÁDIZ;1;ANDALUCÍA;11100;65
HOSPITAL DE ALTA RESOLUCION DE ESPECIALIDADES DE LA JANDA;POLIGONO 53 PARCELA 72 S/N;110393;Vejer de la Frontera;11;CÁDIZ;1;ANDALUCÍA;11150;24
HOSPITAL INFANTA  MARGARITA;AVENIDA GONGORA S/N;140137;Cabra;14;CÓRDOBA;1;ANDALUCÍA;14940;232
HOSPITAL UNIVERSITARIO REINA SOFIA;AVENIDA MENENDEZ PIDAL S/N;140214;Córdoba;14;CÓRDOBA;1;ANDALUCÍA;14004;607
HOSPITAL PROVINCIAL;AVENIDA MENENDEZ PIDAL S/N;140214;Córdoba;14;CÓRDOBA;1;ANDALUCÍA;14004;392
HOSPITAL LOS MORALES;CARRETERA LOS MOLARES S/N;140214;Córdoba;14;CÓRDOBA;1;ANDALUCÍA;14012;19
HOSPITAL MATERNO - INFANTIL DEL H.U. REINA SOFIA;AVENIDA MENENDEZ PIDAL S/N;140214;Córdoba;14;CÓRDOBA;1;ANDALUCÍA;14004;194
HOSPITAL  VALLE DE LOS PEDROCHES;CALLE JUAN DEL REY CALERO S/N;140543;Pozoblanco;14;CÓRDOBA;1;ANDALUCÍA;14400;135
HOSPITAL SAN JUAN DE DIOS DE CORDOBA;AVENIDA DEL BRILLANTE 106;140214;Córdoba;14;CÓRDOBA;1;ANDALUCÍA;14012;193
HOSPITAL CRUZ ROJA DE CORDOBA;PASEO DE LA VICTORIA S/N;140214;Córdoba;14;CÓRDOBA;1;ANDALUCÍA;14004;138
HOSPITAL DE MONTILLA;CARRETERA CTRA. MONTORO-PUENTE GENIL, KM. 65,350 S/N;140425;Montilla;14;CÓRDOBA;1;ANDALUCÍA;14550;92
HOSPITAL DE ALTA RESOLUCION  DE PUENTE GENIL;CALLE BURGOS S/N;140569;Puente Genil;14;CÓRDOBA;1;ANDALUCÍA;14500;24
HOSPITAL DE ALTA RESOLUCION VALLE DEL GUADIATO;CALLE PARAJE CERRO DEL CAMELLO S/N;140522;Peñarroya-Pueblonuevo;14;CÓRDOBA;1;ANDALUCÍA;14200;17
HOSPITAL QUIRONSALUD CORDOBA;AVENIDA DEL AEROPUERTO, S/N S/N;140214;Córdoba;14;CÓRDOBA;1;ANDALUCÍA;14004;115
HOSPITAL DE LA INMACULADA CONCEPCION;CALLE DOCTOR ALEJANDRO OTERO 8;180877;Granada;18;GRANADA;1;ANDALUCÍA;18004;95
HOSPITAL DE BAZA;CARRETERA MURCIA, KM. 1,6 S/N;180233;Baza;18;GRANADA;1;ANDALUCÍA;18800;117
HOSPITAL UNIVERSITARIO VIRGEN DE LAS NIEVES;AVENIDA DE LAS FUERZAS ARMADAS 2;180877;Granada;18;GRANADA;1;ANDALUCÍA;18014;468
HOSPITAL MATERNO-INFANTIL DEL H.U. VIRGEN DE LAS NIEVES;AVENIDA DE LAS FUERZAS ARMADAS 2;180877;Granada;18;GRANADA;1;ANDALUCÍA;18014;230
HOSPITAL SANTA ANA;AVENIDA ENRIQUE MARTIN CUEVAS S/N;181400;Motril;18;GRANADA;1;ANDALUCÍA;18600;184
HOSPITAL SAN RAFAEL;CALLE SAN JUAN DE DIOS 19-23;180877;Granada;18;GRANADA;1;ANDALUCÍA;18001;166
HOSPITAL DE ALTA RESOLUCION DE  GUADIX;AVENIDA MARIANA PINEDA S/N;180896;Guadix;18;GRANADA;1;ANDALUCÍA;18500;50
HOSPITAL DE ALTA RESOLUCIÃN DE LOJA;AVENIDA TIERNO GALVÃN S/N;181226;Loja;18;GRANADA;1;ANDALUCÍA;18300;22
HOSPITAL VITHAS LA SALUD;AVENIDA SANTA MARIA DE LA ALHAMBRA S/N;180877;Granada;18;GRANADA;1;ANDALUCÍA;18008;77
HOSPITAL UNIVERSITARIO CLINICO SAN CECILIO;AVENIDA DE LA INVESTIGACION S/N;180877;Granada;18;GRANADA;1;ANDALUCÍA;18016;543
HOSPITAL  DE NEUROTRAUMATOLOGIA Y REHABILITACION DEL H.U. VIRGEN DE LAS NIEVES;CARRETERA DE JAÃ©N S/N;180877;Granada;18;GRANADA;1;ANDALUCÍA;18013;185
HOSPITAL INFANTA ELENA;CALLE DR. PEDRO NARANJO RODRÃ­GUEZ S/N;210412;Huelva;21;HUELVA;1;ANDALUCÍA;21007;304
HOSPITAL UNIVERSITARIO JUAN RAMON JIMENEZ;RONDA EXTERIOR NORTE S/N;210412;Huelva;21;HUELVA;1;ANDALUCÍA;21005;542
HOSPITAL VAZQUEZ  DIAZ;CARRETERA SEVILLA-HUELVA S/N;210412;Huelva;21;HUELVA;1;ANDALUCÍA;21005;91
HOSPITAL DE RIOTINTO;AVENIDA LA ESQUILA 5;210499;Minas de Riotinto;21;HUELVA;1;ANDALUCÍA;21660;118
CLINICA LOS NARANJOS;PASEO DE LOS NARANJOS 1;210412;Huelva;21;HUELVA;1;ANDALUCÍA;21004;25
HOSPITAL QUIRONSALUD HUELVA;CALLE PUNTA UMBRÃA 8;210412;Huelva;21;HUELVA;1;ANDALUCÍA;21002;56
HOSPITAL VIRGEN DE LA BELLA;AVENIDA LAS ROSAS, S/N S/N;210448;Lepe;21;HUELVA;1;ANDALUCÍA;21440;61
HOSPITAL UNIVERSITARIO DE JAEN;AVENIDA EJERCITO ESPAÃOL 10;230503;Jaén;23;JAÉN;1;ANDALUCÍA;23007;805
HOSPITAL NEUROTRAUMATOLOGICO DEL H.U. DE JAEN;CARRETERA BAILEN MOTRIL S/N;230503;Jaén;23;JAÉN;1;ANDALUCÍA;23007;193
HOSPITAL DOCTOR  SAGAZ;CARRETERA DEL NEVERAL S/N;230503;Jaén;23;JAÉN;1;ANDALUCÍA;23004;54
HOSPITAL MATERNO-INFANTIL DEL H.U. DE JAEN;AVENIDA DEL EJERCITO ESPAÃ?OL 10;230503;Jaén;23;JAÉN;1;ANDALUCÍA;23007;122
HOSPITAL  SAN AGUSTIN;AVENIDA SAN CRISTOBAL S/N;230559;Linares;23;JAÉN;1;ANDALUCÍA;23700;204
HOSPITAL SAN JUAN DE LA CRUZ;CARRETERA DE LINARES S/N;230927;Úbeda;23;JAÉN;1;ANDALUCÍA;23400;225
CLINICA CRISTO REY;PASEO LA ESTACION 40;230503;Jaén;23;JAÉN;1;ANDALUCÍA;23008;39
HOSPITAL ALTO GUADALQUIVIR;AVENIDA BLAS INFANTE S/N;230050;Andújar;23;JAÉN;1;ANDALUCÍA;23740;67
HOSPITAL DE ALTA RESOLUCION SIERRA DE SEGURA;CARRETERA PUENTE GENAVE - LA PUERTA DE SEGURA, KM. 0,300 S/N;230716;Puente de Génave;23;JAÉN;1;ANDALUCÍA;23350;24
HOSPITAL DE ALTA RESOLUCION DE ALCAUDETE;CAMINO VIEJO DE LA FUENSANTA 2;230032;Alcaudete;23;JAÉN;1;ANDALUCÍA;23660;16
HOSPITAL DE ALTA RESOLUCION DE ALCALA LA REAL;AVENIDA DE IBEROAMÃ?RICA S/N;230026;Alcalá la Real;23;JAÉN;1;ANDALUCÍA;23680;28
HOSPITAL PUERTA DE ANDALUCÃA;CARRETERA CARRETERA BAILEN-MOTRIL S/N;230503;Jaén;23;JAÉN;1;ANDALUCÍA;23009;79
HOSPITAL COSTA DEL SOL;CARRETERA AUTOVIA A-7 S/N;290691;Marbella;29;MALAGA;1;ANDALUCÍA;29603;408
HOSPITAL UNIVERSITARIO REGIONAL DE MALAGA;AVENIDA CARLOS HAYA S/N;290672;Málaga;29;MALAGA;1;ANDALUCÍA;29010;523
HOSPITAL MATERNO INFANTIL DEL H.U.R.  DE  MALAGA;CALLE ARROYO DE LOS ANGELES S/N;290672;Málaga;29;MALAGA;1;ANDALUCÍA;29009;349
HOSPITAL CIVIL;PLAZA DEL HOSPITAL CIVIL S/N;290672;Málaga;29;MALAGA;1;ANDALUCÍA;29009;201
HOSPITAL UNIVERSITARIO VIRGEN DE LA VICTORIA;CALLE CAMPUS UNIVERSITARIO TEATINOS S/N;290672;Málaga;29;MALAGA;1;ANDALUCÍA;29010;657
HOSPITAL MARITIMO DE  TORREMOLINOS;CALLE SANATORIO 5;299018;Torremolinos;29;MALAGA;1;ANDALUCÍA;29620;89
HOSPITAL DE LA AXARQUIA;AVENIDA DEL SOL 43;290944;Vélez-Málaga;29;MALAGA;1;ANDALUCÍA;29740;196
HOSPITAL VITHAS PARQUE SAN ANTONIO;AVENIDA PINTOR JOAQUIN SOROLLA 2;290672;Málaga;29;MALAGA;1;ANDALUCÍA;29016;100
CLINICA NUESTRA SEÑORA DEL PILAR;PASEO DE SANCHA 15;290672;Málaga;29;MALAGA;1;ANDALUCÍA;29016;21
CLINICA DE LA ENCARNACION;CALLE FERNANDEZ DE ALARCON 2;290672;Málaga;29;MALAGA;1;ANDALUCÍA;29007;105
HOSPITAL DR. GALVEZ;CALLE SAN AGUSTIN 1;290672;Málaga;29;MALAGA;1;ANDALUCÍA;29015;62
CLINICA SANTA ELENA;URBANIZACION LOS ALAMOS S/N;299018;Torremolinos;29;MALAGA;1;ANDALUCÍA;29620;90
HOSPITAL EL ANGEL;CALLE CORREGIDOR NICOLAS ISIDRO 16;290672;Málaga;29;MALAGA;1;ANDALUCÍA;29007;138
CENTRO ASISTENCIAL HNAS. HOSPITALARIAS DEL  SAGRADO CORAZON DE JESUS;CALLE SAN JUAN BOSCO 41;290672;Málaga;29;MALAGA;1;ANDALUCÍA;29014;321
CLINICA EL SERANIL;CARRETERA ALMERIA S/N;290944;Vélez-Málaga;29;MALAGA;1;ANDALUCÍA;29790;60
HOSPITAL  DE ANTEQUERA;AVENIDA POETA MUÃOZ ROJAS S/N;290154;Antequera;29;MALAGA;1;ANDALUCÍA;29200;159
HOSPITAL QUIRONSALUD MARBELLA;AVENIDA SEVERO OCHOA 22;290691;Marbella;29;MALAGA;1;ANDALUCÍA;29603;75
CENTRO ASISTENCIAL SAN JUAN DE DIOS;CAMINO CASABERMEJA 126;290672;Málaga;29;MALAGA;1;ANDALUCÍA;29014;398
HOSPITAL PSIQUIATRICO SAN FRANCISCO DE ASIS;AVENIDA HERNAN NUÑEZ DE TOLEDO 5;290672;Málaga;29;MALAGA;1;ANDALUCÍA;29018;150
HC MARBELLA INTERNATIONAL HOSPITAL;URBANIZACION LAS MIMOSAS, CASA SANTA ISABEL, S/N S/N;290691;Marbella;29;MALAGA;1;ANDALUCÍA;29660;12
COMUNIDAD TERAPEUTICA SAN ANTONIO;CALLE EXTREMADURA 8;290672;Málaga;29;MALAGA;1;ANDALUCÍA;29018;35
HOSPITAL OCHOA;PASEO ALFONSO CAÃAS NOGUERAS (PASEO MARITIMO) S/N;290691;Marbella;29;MALAGA;1;ANDALUCÍA;29603;22
HOSPITEN ESTEPONA;CARRETERA NACIONAL 340 S/N;290516;Estepona;29;MALAGA;1;ANDALUCÍA;29680;74
HOSPITAL VITHAS XANIT INTERNACIONAL;AVENIDA DE LOS ARGONAUTAS S/N;290252;Benalmádena;29;MALAGA;1;ANDALUCÍA;29630;125
FUNDACION CUDECA. CENTRO DE CUIDADOS PALIATIVOS;AVENIDA DEL COSMOS S/N;290252;Benalmádena;29;MALAGA;1;ANDALUCÍA;29631;15
HOSPITAL DE ALTA RESOLUCION DE BENALMADENA;AVENIDA ARROYO HONDO S/N;290252;Benalmádena;29;MALAGA;1;ANDALUCÍA;29630;46
HOSPITAL QUIRONSALUD MALAGA;AVENIDA IMPERIO ARGENTINA 1;290672;Málaga;29;MALAGA;1;ANDALUCÍA;29004;121
CENTRO DE REPRODUCCION ASISTIDA DE MARBELLA (CERAM);CALLE MAESTRA DOÑA CAROLA 8;290691;Marbella;29;MALAGA;1;ANDALUCÍA;29602;22
HOSPITAL DE LA SERRANIA;CARRETERA RONDA-SAN PEDRO, KM. 2 S/N;290846;Ronda;29;MALAGA;1;ANDALUCÍA;29400;150
HOSPITAL VALLE DE GUADALHORCE DE  CARTAMA;CARRETERA AUTOVIA A-357 MÃ?LAGA - CAMPIÃ?A, KM 49 S/N;290385;Cártama;29;MALAGA;1;ANDALUCÍA;29570;28
HOSPITAL QUIRONSALUD SAGRADO CORAZON;CALLE RAFAEL SALGADO 3;410917;Sevilla;41;SEVILLA;1;ANDALUCÍA;41013;147
FREMAP, HOSPITAL Y CENTRO DE REHABILITACION DE SEVILLA;AVENIDA DE JEREZ S/N;410917;Sevilla;41;SEVILLA;1;ANDALUCÍA;41014;102
HOSPITAL FÃ?TIMA;GLORIETA DE MEJICO 1;410917;Sevilla;41;SEVILLA;1;ANDALUCÍA;41012;73
HOSPITAL VICTORIA EUGENIA DE LA CRUZ ROJA ESPAÑOLA;AVENIDA DE LA CRUZ ROJA 1;410917;Sevilla;41;SEVILLA;1;ANDALUCÍA;41009;39
CLINICA SANTA ISABEL;CALLE LUIS MONTOTO 100;410917;Sevilla;41;SEVILLA;1;ANDALUCÍA;41018;96
HOSPITAL LA MERCED;AVENIDA DE LA CONSTITUCION 2;410687;Osuna;41;SEVILLA;1;ANDALUCÍA;41640;225
HOSPITAL UNIVERSITARIO VIRGEN DE VALME;AVENIDA DE BELLAVISTA S/N;410917;Sevilla;41;SEVILLA;1;ANDALUCÍA;41014;504
HOSPITAL EL TOMILLAR;CARRETERA ALCALA-DOS HERMANAS S/N;410042;Alcalá de Guadaíra;41;SEVILLA;1;ANDALUCÍA;41500;80
HOSPITAL UNIVERSITARIO VIRGEN MACARENA;AVENIDA DOCTOR FEDRIANI 3;410917;Sevilla;41;SEVILLA;1;ANDALUCÍA;41009;777
HOSPITAL SAN  LAZARO;AVENIDA DOCTOR FEDRIANI S/N;410917;Sevilla;41;SEVILLA;1;ANDALUCÍA;41009;66
HOSPITAL UNIVERSITARIO VIRGEN DEL ROCIO;AVENIDA MANUEL SIUROT S/N;410917;Sevilla;41;SEVILLA;1;ANDALUCÍA;41013;655
HOSPITAL DUQUES DEL INFANTADO;CALLE SOR GREGORIA DE SANTA TERESA S/N;410917;Sevilla;41;SEVILLA;1;ANDALUCÍA;41012;43
HOSPITAL DE REHABILITACION Y TRAUMATOLOGIA DEL H.U.  VIRGEN DEL ROCIO;AVENIDA MANUEL SIUROT S/N;410917;Sevilla;41;SEVILLA;1;ANDALUCÍA;41013;295
HOSPITAL INFANTIL;AVENIDA MANUEL SIUROT S/N;410917;Sevilla;41;SEVILLA;1;ANDALUCÍA;41013;136
HOSPITAL SAN JUAN DE DIOS DE SEVILLA;AVENIDA EDUARDO DATO 42;410917;Sevilla;41;SEVILLA;1;ANDALUCÍA;41005;47
HOSPITAL DE ALTA RESOLUCION DE MORON DE LA FRONTERA;PLAZA SAN FRANCISCO S/N;410652;Morón de la Frontera;41;SEVILLA;1;ANDALUCÍA;41530;12
HOSPITAL SAN JUAN DE DIOS DEL ALJARAFE;AVENIDA SAN JUAN DE DIOS S/N;410172;Bormujos;41;SEVILLA;1;ANDALUCÍA;41930;200
RESIDENCIA DE SALUD MENTAL NUESTRA SEÑORA DEL CARMEN;AVENIDA DEL RIO PUDIO S/N;410172;Bormujos;41;SEVILLA;1;ANDALUCÍA;41930;54
CENTRO ABB, SL;CALLE VIDRIO 32;410917;Sevilla;41;SEVILLA;1;ANDALUCÍA;41005;19
HOSPITAL QUIRONSALUD INFANTA LUISA;CALLE SAN JACINTO 87;410917;Sevilla;41;SEVILLA;1;ANDALUCÍA;41010;139
HOSPITAL SAN AGUSTIN;CALLE PROLONGACION DOCTOR FLEMING, SECTOR 13 S/N;410384;Dos Hermanas;41;SEVILLA;1;ANDALUCÍA;41703;93
HOSPITAL NISA SEVILLA-ALJARAFE;AVENIDA PLACIDO FERNANDEZ VIAGAS S/N;410299;Castilleja de la Cuesta;41;SEVILLA;1;ANDALUCÍA;41950;148
HOSPITAL DE ALTA RESOLUCION DE UTRERA;CALLE BRIGADAS INTERNACIONALES S/N;410956;Utrera;41;SEVILLA;1;ANDALUCÍA;41710;14
HOSPITAL VIAMED SANTA ANGELA DE LA CRUZ;AVENIDA DE JEREZ 59;410917;Sevilla;41;SEVILLA;1;ANDALUCÍA;41013;105
HOSPITAL DE ALTA RESOLUCIÃ?N DE LEBRIJA;AVENIDA EL CUERVO S/N;410536;Lebrija;41;SEVILLA;1;ANDALUCÍA;41740;22
HOSPITAL DE ALTA RESOLUCION DE ECIJA;AVENIDA DOCTOR SÃ?NCHEZ MALO 73;410397;Écija;41;SEVILLA;1;ANDALUCÍA;41400;36
HOSPITAL PSIQUIATRICO PENITENCIARIO;CARRETERA TORREBLANCA-MAIRENA KM. 3,5 S/N;410917;Sevilla;41;SEVILLA;1;ANDALUCÍA;41007;184
CLINICA DE SALUD MENTAL MIGUEL DE MAÑARA;CALLE HERMANOS DE LA CRUZ BLANCA 1;410384;Dos Hermanas;41;SEVILLA;1;ANDALUCÍA;41089;18
HOSPITAL DE LA  MUJER;AVENIDA MANUEL SIUROT S/N;410917;Sevilla;41;SEVILLA;1;ANDALUCÍA;41013;221
ADINFA, SOCIEDAD COOPERATIVA ANDALUZA;CALLE MARIA JESUS 3;410346;Coria del Río;41;SEVILLA;1;ANDALUCÍA;41100;25
HOSPITAL SAGRADO CORAZON DE JESUS;PASEO LUCAS MALLADA 22;221259;Huesca;22;HUESCA;2;ARAGÓN;22006;70
HOSPITAL UNIVERSITARIO SAN JORGE;AVENIDA MARTINEZ DE VELASCO 36;221259;Huesca;22;HUESCA;2;ARAGÓN;22004;297
HOSPITAL DE BARBASTRO;CARRETERA NACIONAL 240 S/N;220481;Barbastro;22;HUESCA;2;ARAGÓN;22300;172
CENTRO DE REHABILITACION PSICOSOCIAL SANTO CRISTO DE LOS MILAGROS;CARRETERA ARGUIS KM 2,5;221259;Huesca;22;HUESCA;2;ARAGÓN;22006;110
HOSPITAL DE JACA SALUD;CARRETERA RAPITAN S/N;221301;Jaca;22;HUESCA;2;ARAGÓN;22700;50
HOSPITAL VIAMED SANTIAGO;CALLE SARIÑENA 12;221259;Huesca;22;HUESCA;2;ARAGÓN;22004;40
CENTRO SANITARIO BAJO CINCA-BAIX CINCA;CALLE HERMANA ANDRESA 2;221127;Fraga;22;HUESCA;2;ARAGÓN;22520;20
HOSPITAL DE ALCAÑIZ;CALLE DOCTOR REPOLLES 2;440131;Alcañiz;44;TERUEL;2;ARAGÓN;44600;131
HOSPITAL OBISPO POLANCO;AVENIDA RUIZ JARABO S/N;442160;Teruel;44;TERUEL;2;ARAGÓN;44002;215
HOSPITAL DE SAN JOSE;AVENIDA ZARAGOZA 16;442160;Teruel;44;TERUEL;2;ARAGÓN;44001;50
CENTRO DE REHABILITACION PSICOSOCIAL SAN JUAN DE DIOS;AVENIDA ZARAGOZA 10-14;442160;Teruel;44;TERUEL;2;ARAGÓN;44001;150
HOSPITAL SAN JUAN DE DIOS;PASEO COLON 14;502973;Zaragoza;50;ZARAGOZA;2;ARAGÓN;50006;184
HOSPITAL QUIRONSALUD ZARAGOZA;PASEO MARIANO RENOVALES S/N;502973;Zaragoza;50;ZARAGOZA;2;ARAGÓN;50006;104
CENTRO DE REHABILITACION PSICOSOCIAL NUESTRA SEÑORA DEL PILAR;CALLE DUQUESA VILLAHERMOSA 66-68;502973;Zaragoza;50;ZARAGOZA;2;ARAGÓN;50009;172
CLINICA MONTPELLIER, GRUPO HLA,  S.A.U;VIA HISPANIDAD 37;502973;Zaragoza;50;ZARAGOZA;2;ARAGÓN;50012;90
UNIDAD REHABILITADORA DE MEDIA ESTANCIA PROFESOR REY ARDID;CALLE CAMINO VIEJO DE LA ALFOCEA 10;502973;Zaragoza;50;ZARAGOZA;2;ARAGÓN;50191;39
HOSPITAL ROYO VILLANOVA;AVENIDA SAN GREGORIO 30;502973;Zaragoza;50;ZARAGOZA;2;ARAGÓN;50015;254
HOSPITAL UNIVERSITARIO MIGUEL SERVET;PASEO ISABEL LA CATOLICA 1-3;502973;Zaragoza;50;ZARAGOZA;2;ARAGÓN;50009;1213
CENTRO NEUROPSIQUIATRICO NUESTRA SEÑORA DEL CARMEN;CAMINO ABEJAR 100;502973;Zaragoza;50;ZARAGOZA;2;ARAGÓN;50190;277
HOSPITAL CLINICO UNIVERSITARIO LOZANO BLESA;CALLE SAN JUAN BOSCO 15;502973;Zaragoza;50;ZARAGOZA;2;ARAGÓN;50009;807
CLINICA NUESTRA SEÑORA DEL PILAR;PASEO RUISEÑORES 20;502973;Zaragoza;50;ZARAGOZA;2;ARAGÓN;50006;34
HOSPITAL ERNEST LLUCH MARTIN;CARRETERA SAGUNTO BURGOS KM 254;500671;Calatayud;50;ZARAGOZA;2;ARAGÓN;50300;122
HOSPITAL NUESTRA SEÑORA DE GRACIA;CALLE RAMON Y  CAJAL 60;502973;Zaragoza;50;ZARAGOZA;2;ARAGÓN;50004;151
UNIDAD DE REHABILITACION DE LARGA ESTANCIA;CARRETERA SOS S/N;502301;Sádaba;50;ZARAGOZA;2;ARAGÓN;50670;45
HOSPITAL DE REHABILITACION PSIQUIATRICA PRISMA;CALLE TORRE DEL CEREZO (SAN JUAN DE MOZARRIFAR) 17;502973;Zaragoza;50;ZARAGOZA;2;ARAGÓN;50820;50
HOSPITAL MAZ;AVENIDA ACADEMIA GENERAL MILITAR 74;502973;Zaragoza;50;ZARAGOZA;2;ARAGÓN;50015;107
HOSPITAL VIAMED MONTECANAL;CALLE FRANZ SCHUBERT 2;502973;Zaragoza;50;ZARAGOZA;2;ARAGÓN;50012;68
CENTRO SANITARIO CINCO VILLAS;CALLE ANTONIO MACHADO S/N;500956;Ejea de los Caballeros;50;ZARAGOZA;2;ARAGÓN;50600;32
HOSPITAL GENERAL DE LA DEFENSA EN ZARAGOZA;CALLE VIA IBERICA 1-15 1-15;502973;Zaragoza;50;ZARAGOZA;2;ARAGÓN;50009;200
HOSPITAL HERNAN CORTES MIRAFLORES;CAMINO TORRES (DE LAS) 51-53;502973;Zaragoza;50;ZARAGOZA;2;ARAGÓN;50008;36
CENTRO SALUD MENTAL PEREZ ESPINOSA;CALLE SANTA ROSA 6;330352;Llanera;33;ASTURIAS;3;PPDO. DE ASTURIAS;33690;35
INSTITUTO OFTALMOLOGICO FERNANDEZ-VEGA;AVENIDA DTRES. FERNANDEZ VEGA 34;330447;Oviedo;33;ASTURIAS;3;PPDO. DE ASTURIAS;33012;13
FUNDACION SANATORIO ADARO;CALLE JOVE Y CANELLA 1;330313;Langreo;33;ASTURIAS;3;PPDO. DE ASTURIAS;33900;138
HOSPITAL CARMEN Y SEVERO OCHOA;CALLE SIENRA 11;330117;Cangas del Narcea;33;ASTURIAS;3;PPDO. DE ASTURIAS;33800;103
HOSPITAL VALLE DEL NALON;POLIGONO DE RIAÑO S/N;330313;Langreo;33;ASTURIAS;3;PPDO. DE ASTURIAS;33920;223
HOSPITAL MONTE NARANCO;AVENIDA DOCTORES FENANDEZ VEGA S/N;330447;Oviedo;33;ASTURIAS;3;PPDO. DE ASTURIAS;33012;194
HOSPITAL DE LUARCA;CALLE VILLAR S/N 0;330349;Valdés;33;ASTURIAS;3;PPDO. DE ASTURIAS;33700;19
HOSPITAL  BEGOÑA;AVENIDA PABLO IGLESIAS 92;330241;Gijón;33;ASTURIAS;3;PPDO. DE ASTURIAS;33204;41
CLINICA ASTURIAS;CALLE NARANJO DE BULNES 4-6;330447;Oviedo;33;ASTURIAS;3;PPDO. DE ASTURIAS;33012;46
HOSPITAL DEL ORIENTE DE ASTURIAS FRANCISCO GRANDE COVIAN;URBANIZACION CASTAÑERA S/N;330450;Parres;33;ASTURIAS;3;PPDO. DE ASTURIAS;33540;90
CLINICA PSIQUIATRICA SOMIO;CARRETERA LA PROVIDENCIA-INFANZON, 3518 3518;330241;Gijón;33;ASTURIAS;3;PPDO. DE ASTURIAS;33203;40
CLINICA SAN RAFAEL;CALLE LA ESTRECHA, 33;330447;Oviedo;33;ASTURIAS;3;PPDO. DE ASTURIAS;33011;36
HOSPITAL CRUZ ROJA;CALLE URIA 37;330241;Gijón;33;ASTURIAS;3;PPDO. DE ASTURIAS;33202;120
HOSPITAL DE JOVE;AVENIDA EDUARDO CASTRO S/N;330241;Gijón;33;ASTURIAS;3;PPDO. DE ASTURIAS;33290;233
HOSPITAL UNIVERSITARIO SAN AGUSTIN;CAMINO DE HEROS 6;330045;Avilés;33;ASTURIAS;3;PPDO. DE ASTURIAS;33401;436
HOSPITAL UNIVERSITARIO DE CABUEÑES;CALLE LOS PRADOS 395;330241;Gijón;33;ASTURIAS;3;PPDO. DE ASTURIAS;33203;457
HOSPITAL COVADONGA;CALLE GENERAL SUAREZ VALDES 40;330241;Gijón;33;ASTURIAS;3;PPDO. DE ASTURIAS;33204;24
CENTRO TERAPEUTICO VISTA ALEGRE;CALLE PROFESOR PEREZ PIMENTEL (LA GUIA - SOMIO) 30;330241;Gijón;33;ASTURIAS;3;PPDO. DE ASTURIAS;33203;28
CENTRO MEDICO DE ASTURIAS;AVENIDA RICHARD GRANDIO S/N;330447;Oviedo;33;ASTURIAS;3;PPDO. DE ASTURIAS;33193;105
FUNDACION HOSPITAL DE AVILES;CALLE CABRUÑANA 19;330045;Avilés;33;ASTURIAS;3;PPDO. DE ASTURIAS;33400;90
HOSPITAL DE JARRIO;CARRETERA DE JARRIO S/N;330181;Coaña;33;ASTURIAS;3;PPDO. DE ASTURIAS;33719;116
HOSPITAL GIJON;AVENIDA DE LA COSTA 45;330241;Gijón;33;ASTURIAS;3;PPDO. DE ASTURIAS;33201;32
HOSPITAL UNIVERSITARIO CENTRAL DE ASTURIAS;AVENIDA DE ROMA S/N;330447;Oviedo;33;ASTURIAS;3;PPDO. DE ASTURIAS;33011;991
HOSPITAL VITAL ALVAREZ BUYLLA;CALLE VISTALEGRE 2;330371;Mieres;33;ASTURIAS;3;PPDO. DE ASTURIAS;33619;176
HOSPITAL DE CAMPAÑA SANITARIO (HCS144);PASEO DR. FLEMING 481;330241;Gijón;33;ASTURIAS;3;PPDO. DE ASTURIAS;33203;144
HOSPITAL  DE MANACOR;CARRETERA MANACOR - ALCUDIA S/N;70337;Manacor;7;ILLES BALEARS;4;ILLES BALEARS;7500;224
HOSPITAL GENERAL DE MALLORCA;PLAZA HOSPITAL 3;70407;Palma;7;ILLES BALEARS;4;ILLES BALEARS;7012;100
HOSPITAL JUANEDA MURO;CALLE VELER S/N;70393;Muro;7;ILLES BALEARS;4;ILLES BALEARS;7408;85
CLINICA ROTGER;CALLE SANTIAGO RUSSINYOL 9;70407;Palma;7;ILLES BALEARS;4;ILLES BALEARS;7012;186
HOSPITAL SANT JOAN DE DEU;CALLE SANT JOAN DE DEU 7;70407;Palma;7;ILLES BALEARS;4;ILLES BALEARS;7007;197
CLINICA JUANEDA MAHON;AVENIDA VIVES LLULL 6;70321;Maó-Mahón;7;ILLES BALEARS;4;ILLES BALEARS;7703;15
CLINICA JUANEDA;CALLE COMPANY 30;70407;Palma;7;ILLES BALEARS;4;ILLES BALEARS;7014;191
JUANEDA MIRAMAR;CALLE CAMI DE LA VILETA 30;70407;Palma;7;ILLES BALEARS;4;ILLES BALEARS;7011;291
HOSPITAL CAN MISSES;CALLE CORONA S/N;70260;Eivissa;7;ILLES BALEARS;4;ILLES BALEARS;7800;307
MUTUA BALEAR;CALLE BISBE CAMPINS 4;70407;Palma;7;ILLES BALEARS;4;ILLES BALEARS;7012;40
CLINICA JUANEDA MENORCA;CALLE CANONGE MOLL S/N;70159;Ciutadella de Menorca;7;ILLES BALEARS;4;ILLES BALEARS;7760;41
HOSPITAL PSIQUIATRIC;CALLE CAMI DE JESUS 40;70407;Palma;7;ILLES BALEARS;4;ILLES BALEARS;7010;168
HOSPITAL JOAN MARCH;CARRETERA PALMA-SOLLER KM. 12;70103;Bunyola;7;ILLES BALEARS;4;ILLES BALEARS;7110;106
HOSPITAL COMARCAL D´INCA;CARRETERA VELLA DE LLUBI S/N;70276;Inca;7;ILLES BALEARS;4;ILLES BALEARS;7300;163
HOSPITAL MATEU ORFILA;RONDA MALBUGER 1;70321;Maó-Mahón;7;ILLES BALEARS;4;ILLES BALEARS;7703;142
HOSPITAL UNIVERSITARI SON ESPASES;CARRETERA VALLDEMOSSA 79;70407;Palma;7;ILLES BALEARS;4;ILLES BALEARS;7120;839
POLICLINICA NUESTRA SRA. DEL ROSARIO;VIA ROMANA S/N;70260;Eivissa;7;ILLES BALEARS;4;ILLES BALEARS;7800;68
HOSPITAL DE LA CREU ROJA ESPANYOLA;CALLE PONS I GALLARZA 90;70407;Palma;7;ILLES BALEARS;4;ILLES BALEARS;7004;73
HOSPITAL SON LLATZER;CARRETERA MANACOR KM. 4;70407;Palma;7;ILLES BALEARS;4;ILLES BALEARS;7198;417
HOSPITAL QUIRONSALUD PALMAPLANAS;CALLE CAMI DELS REIS 308;70407;Palma;7;ILLES BALEARS;4;ILLES BALEARS;7010;169
HOSPITAL DE FORMENTERA;CALLE VENDA DES BROLLS S/N;70244;Formentera;7;ILLES BALEARS;4;ILLES BALEARS;7860;12
HOSPITAL DE LLEVANT;CALLE ESCAMARLA 6;70337;Manacor;7;ILLES BALEARS;4;ILLES BALEARS;7680;70
HOSPITAL QUIRONSALUD SON VERI;PASEO ARBREDA S/N;70316;Llucmajor;7;ILLES BALEARS;4;ILLES BALEARS;7609;34
CLINICA LUZ DE PALMA;CALLE CAMILO JOSE CELA 20;70407;Palma;7;ILLES BALEARS;4;ILLES BALEARS;7014;38
CLINICA CAJAL;CALLE SENADOR CASTILLO OLIVARES 15;350167;Palmas de Gran Canaria, Las;35;LAS PALMAS;5;CANARIAS;35003;136
HOSPITAL CIUDAD DE TELDE;CALLE MISTER BLISSE S/N;350265;Telde;35;LAS PALMAS;5;CANARIAS;35212;219
HOSPITAL LA PALOMA;CALLE MAESTRO VALLE 20;350167;Palmas de Gran Canaria, Las;35;LAS PALMAS;5;CANARIAS;35005;108
HOSPITAL PERPETUO SOCORRO;CALLE LEON Y CASTILLO 407;350167;Palmas de Gran Canaria, Las;35;LAS PALMAS;5;CANARIAS;35007;185
HOSPITEN CLINICA ROCA SAN AGUSTIN;CALLE BUGANVILLA 1;350192;San Bartolomé de Tirajana;35;LAS PALMAS;5;CANARIAS;35100;81
HOSPITAL SAN JOSE;CALLE PADRE CUETO 26;350167;Palmas de Gran Canaria, Las;35;LAS PALMAS;5;CANARIAS;35008;66
VITHAS HOSPITAL SANTA CATALINA;CALLE LEON Y CASTILLO 292;350167;Palmas de Gran Canaria, Las;35;LAS PALMAS;5;CANARIAS;35005;152
HOSPITEN LANZAROTE;CAMINO LOMO GORDO S/N;350287;Tías;35;LAS PALMAS;5;CANARIAS;35572;61
QUINTA MEDICA DE REPOSO;CAMINO PALMA ROMERO 7;350213;Santa Brígida;35;LAS PALMAS;5;CANARIAS;35300;60
HOSPITAL SAN ROQUE MASPALOMAS;CALLE MAR DE SIBERIA 1;350192;San Bartolomé de Tirajana;35;LAS PALMAS;5;CANARIAS;35100;147
CLINICA SAN ROQUE;CALLE DOLORES DE LA ROCHA 5;350167;Palmas de Gran Canaria, Las;35;LAS PALMAS;5;CANARIAS;35001;162
CLINICA BANDAMA;CALLE SANTA TERESA 9;350167;Palmas de Gran Canaria, Las;35;LAS PALMAS;5;CANARIAS;35017;64
HOSPITAL UNIVERSITARIO DE GRAN CANARIA DR. NEGRIN;PLAZA BARRANCO DE LA BALLENA S/N;350167;Palmas de Gran Canaria, Las;35;LAS PALMAS;5;CANARIAS;35012;652
COMPLEJO HOSPITALARIO UNIVERSITARIO INSULAR MATERNO INFANTIL;CALLE AUTOVIA DEL SUR S/N;350167;Palmas de Gran Canaria, Las;35;LAS PALMAS;5;CANARIAS;35016;916
HOSPITAL GENERAL DE FUERTEVENTURA;CALLE CARRETERA AEROPUERTO KM 1;350173;Puerto del Rosario;35;LAS PALMAS;5;CANARIAS;35600;131
CLINICA JORGANI;CALLE AVDA. ISLAS CANARIAS 5;350249;Teguise;35;LAS PALMAS;5;CANARIAS;35508;11
HOSPITAL DOCTOR JOSE MOLINA OROSA;CALLE CARRETERA ARRECIFE- TINAJO KM 1300 0;350043;Arrecife;35;LAS PALMAS;5;CANARIAS;35500;252
HOSPITAL SAN ROQUE DE GUIA;LUGAR DISEMINADO CUESTA DE CARABALLO 11;350234;Santa María de Guía de Gran Canaria;35;LAS PALMAS;5;CANARIAS;35450;54
HOSPITAL UNIVERSITARIO DE SALUD MENTAL JUAN CARLOS I;CALLE REAL DEL CASTILLO 152;350167;Palmas de Gran Canaria, Las;35;LAS PALMAS;5;CANARIAS;35014;119
HOSPITAL INSULAR DE LANZAROTE;CALLE JUAN DE QUESADA S/N;350043;Arrecife;35;LAS PALMAS;5;CANARIAS;35500;80
CLINICA VIDA;CALLE MAGNOLIAS 2;380260;Orotava, La;38;SANTA CRUZ DE TENERIFE;5;CANARIAS;38312;24
HOSPITAL PARQUE;CALLE MENDEZ NUÑEZ 40;380380;Santa Cruz de Tenerife;38;SANTA CRUZ DE TENERIFE;5;CANARIAS;38003;64
CLINICA TARA;CALLE CASAS ALTAS S/N;380435;Tacoronte;38;SANTA CRUZ DE TENERIFE;5;CANARIAS;38399;12
HOSPITAL QUIRON SALUD COSTA ADEJE;URBANIZACION SAN EUGENIO S/N;380012;Adeje;38;SANTA CRUZ DE TENERIFE;5;CANARIAS;38660;62
HOSPITEN SUR;CALLE AV. MARITIMA 8;380064;Arona;38;SANTA CRUZ DE TENERIFE;5;CANARIAS;38660;242
HOSPITEN BELLEVUE;CALLE ALEMANIA 4;380282;Puerto de la Cruz;38;SANTA CRUZ DE TENERIFE;5;CANARIAS;38400;195
HOSPITEN RAMBLA;RAMBLA SANTA CRUZ 115;380380;Santa Cruz de Tenerife;38;SANTA CRUZ DE TENERIFE;5;CANARIAS;38001;97
HOSPITAL QUIRON SALUD TENERIFE;CALLE POETA RODRIGUEZ HERRERA 1;380380;Santa Cruz de Tenerife;38;SANTA CRUZ DE TENERIFE;5;CANARIAS;38006;187
HOSPITAL SAN JUAN DE DIOS TENERIFE;CARRETERA SANTA CRUZ LAGUNA 53;380380;Santa Cruz de Tenerife;38;SANTA CRUZ DE TENERIFE;5;CANARIAS;38009;141
HOSPITAL UNIVERSITARIO DE CANARIAS;CARRETERA CUESTA TACO S/N;380239;San Cristóbal de La Laguna;38;SANTA CRUZ DE TENERIFE;5;CANARIAS;38320;681
HOSPITAL UNIVERSITARIO NUESTRA SEÑORA DE LA CANDELARIA;CARRETERA ROSARIO (DEL) 145;380380;Santa Cruz de Tenerife;38;SANTA CRUZ DE TENERIFE;5;CANARIAS;38010;891
HOSPITAL INSULAR NUESTRA SEÑORA DE LOS REYES;CALLE CALLE LOS BARRIALES 1;380488;Valverde;38;SANTA CRUZ DE TENERIFE;5;CANARIAS;38900;32
HOSPITAL NUESTRA SEÑORA DE GUADALUPE;CALLE LANGRERO S/N;380368;San Sebastián de la Gomera;38;SANTA CRUZ DE TENERIFE;5;CANARIAS;38800;40
HOSPITAL GENERAL DE LA PALMA;CAMINO CUMBRE (DE LA) 28;380086;Breña Alta;38;SANTA CRUZ DE TENERIFE;5;CANARIAS;38713;198
HOSPITAL DEL SUR;CALLE LADERAS DEL MOJON S/N;380064;Arona;38;SANTA CRUZ DE TENERIFE;5;CANARIAS;38627;98
HOSPITAL DEL NORTE;CALLE GAVIOTAS (LAS) 22;380223;Icod de los Vinos;38;SANTA CRUZ DE TENERIFE;5;CANARIAS;38437;51
HOSPITAL DEL TORAX;CALLE SANTA MARIA SOLEDAD 28;380380;Santa Cruz de Tenerife;38;SANTA CRUZ DE TENERIFE;5;CANARIAS;38010;63
HOSPITAL PSIQUIATRICO DE TENERIFE;CALLE DOMINGO J MANRIQUE 2;380380;Santa Cruz de Tenerife;38;SANTA CRUZ DE TENERIFE;5;CANARIAS;38006;94
HOSPITAL UNIVERSITARIO MARQUES DE VALDECILLA;AVENIDA VALDECILLA S/N;390759;Santander;39;CANTABRIA;6;CANTABRIA;39008;923
CLINICA MOMPIA;AVENIDA DE LOS CONDES S/N;390731;Santa Cruz de Bezana;39;CANTABRIA;6;CANTABRIA;39109;105
HOSPITAL COMARCAL DE LAREDO;AVENIDA DERECHOS HUMANOS S/N;390358;Laredo;39;CANTABRIA;6;CANTABRIA;39770;131
HOSPITAL SANTA CLOTILDE;CALLE GENERAL DAVILA 35;390759;Santander;39;CANTABRIA;6;CANTABRIA;39006;127
HOSPITAL RAMON NEGRETE;AVENIDA DEL FARO NÃ?Âº 33;390759;Santander;39;CANTABRIA;6;CANTABRIA;39012;30
HOSPITAL SIERRALLANA;BARRIO GANZO S/N;390876;Torrelavega;39;CANTABRIA;6;CANTABRIA;39300;301
CENTRO HOSPITALARIO PADRE MENNI;AVENIDA CANTABRIA NÃ?Âº 52;390759;Santander;39;CANTABRIA;6;CANTABRIA;39012;65
HOSPITAL NUESTRA SEÑORA DE SONSOLES (COMPLEJO ASISTENCIAL DE AVILA);AVENIDA DE JUAN CARLOS I 0;50198;Ávila;5;ÁVILA;7;CASTILLA Y LEÓN;5071;340
HOSPITAL SANTA TERESA;AVENIDA SANTA CRUZ DE TENERIFE 11;50198;Ávila;5;ÁVILA;7;CASTILLA Y LEÓN;5005;33
HOSPITAL PROVINCIAL DE AVILA (COMPLEJO ASISTENCIAL DE AVILA);CALLE JESUS DEL GRAN PODER 42;50198;Ávila;5;ÁVILA;7;CASTILLA Y LEÓN;5003;90
HOSPITAL DE SALUD MENTAL CASTA SALUD AREVALO;PASEO SAN JUAN BOSCO 2;50163;Arévalo;5;ÁVILA;7;CASTILLA Y LEÓN;5200;80
HOSPITAL SANTOS REYES;AVENIDA RUPERTA BARAYA 6;90183;Aranda de Duero;9;BURGOS;7;CASTILLA Y LEÓN;9400;123
HOSPITAL SANTIAGO APOSTOL;CARRETERA DE ORON S/N S/N;92194;Miranda de Ebro;9;BURGOS;7;CASTILLA Y LEÓN;9200;114
HOSPITAL RECOLETAS DE BURGOS;CALLE CRUZ ROJA S/N S/N;90597;Burgos;9;BURGOS;7;CASTILLA Y LEÓN;9006;92
HOSPITAL UNIVERSITARIO DE BURGOS (COMPLEJO ASISTENCIAL UNIVER. DE BURGOS);AVENIDA ISLAS BALEARES S/N;90597;Burgos;9;BURGOS;7;CASTILLA Y LEÓN;9006;744
HOSPITAL RESIDENCIA ASISTIDA DE LA LUZ;CALLE DURATON 2;90183;Aranda de Duero;9;BURGOS;7;CASTILLA Y LEÓN;9400;45
HOSPITAL SAN JUAN DE DIOS BURGOS;PASEO DE LA ISLA 3;90597;Burgos;9;BURGOS;7;CASTILLA Y LEÓN;9003;160
HOSPITAL FUENTE BERMEJA (COMPLEJO ASISTENCIAL UNIVERSITARIO DE BURGOS);CALLE FRANCISCO SALINAS 0;90597;Burgos;9;BURGOS;7;CASTILLA Y LEÓN;9003;80
HOSPITAL DE LEON (COMPLEJO ASISTENCIAL UNIVERSITARIO DE LEON);CALLE ALTOS DE NAVA 0;240896;León;24;LEÓN;7;CASTILLA Y LEÓN;24073;801
HOSPITAL EL BIERZO;CALLE MEDICOS SIN FRONTERAS 7;241152;Ponferrada;24;LEÓN;7;CASTILLA Y LEÓN;24411;402
HOSPITAL HM SAN FRANCISCO;CALLE MARQUESES DE SAN ISIDRO 11;240896;León;24;LEÓN;7;CASTILLA Y LEÓN;24004;75
CLINICA PONFERRADA;AVENIDA DE GALICIA 1;241152;Ponferrada;24;LEÓN;7;CASTILLA Y LEÓN;24400;53
HOSPITAL DE LA REINA;CALLE HOSPITAL 26-28;241152;Ponferrada;24;LEÓN;7;CASTILLA Y LEÓN;24401;72
HOSPITAL SAN JUAN DE DIOS LEON;AVENIDA SAN IGNACIO DE LOYOLA 73;241422;San Andrés del Rabanedo;24;LEÓN;7;CASTILLA Y LEÓN;24010;216
REGLA HM HOSPITALES;CALLE CARDENAL LANDAZURI 2;240896;León;24;LEÓN;7;CASTILLA Y LEÓN;24003;130
HOSPITAL MONTE SAN ISIDRO COMPLEJO ASISTENCIAL UNIVERSITARIO DE LEON;CARRETERA DE ASTURIAS S/N S/N;240896;León;24;LEÓN;7;CASTILLA Y LEÓN;24008;145
HOSPITAL VALLE DE LACIANA;AVENIDA DE ASTURIAS S/N S/N;242029;Villablino;24;LEÓN;7;CASTILLA Y LEÓN;24100;15
HOSPITAL SANTA ISABEL (COMPLEJO ASISTENCIAL UNIVERSITARIO DE LEON);AVENIDA DE MADRID, 118;240896;León;24;LEÓN;7;CASTILLA Y LEÓN;24080;117
HOSPITAL RIO CARRION (COMPLEJO ASISTENCIAL UNIVERSITARIO DE PALENCIA);AVENIDA DONANTES DE SANGRE SN S/N;341202;Palencia;34;PALENCIA;7;CASTILLA Y LEÓN;34005;376
HOSPITAL SAN TELMO (COMPLEJO ASISTENCIAL UNIVERSITARIO DE PALENCIA);AVENIDA SAN TELMO S/N;341202;Palencia;34;PALENCIA;7;CASTILLA Y LEÓN;34005;119
HOSPITAL RECOLETAS DE PALENCIA;AVENIDA SIMON NIETO 31-34;341202;Palencia;34;PALENCIA;7;CASTILLA Y LEÓN;34005;44
HOSPITAL PSIQUIATRICO SAN LUIS;CARRETERA DE BURGOS, S/N S/N;341202;Palencia;34;PALENCIA;7;CASTILLA Y LEÓN;34004;206
AREA PSIQUIATRICA DEL CENTRO ASISTENCIAL  SAN JUAN DE DIOS;PASEO PADRE FAUSTINO CALVO 46;341202;Palencia;34;PALENCIA;7;CASTILLA Y LEÓN;34005;97
HOSPITAL CLINICO UNIVERSITARIO DE SALAMANCA (COMPLEJO ASISTENCIAL UNIV.SA);PASEO DE SAN VICENTE 182;372745;Salamanca;37;SALAMANCA;7;CASTILLA Y LEÓN;37007;616
HOSPITAL LOS MONTALVOS (COMPLEJO ASISTENCIAL UNIVERSITARIO DE SALAMANCA);CARRETERA CIUDAD RODRIGO 0;370877;Carrascal de Barregas;37;SALAMANCA;7;CASTILLA Y LEÓN;37192;295
HOSPITAL GENERAL DE LA SANTISIMA TRINIDAD;PASEO DE CARMELITAS, 74-94;372745;Salamanca;37;SALAMANCA;7;CASTILLA Y LEÓN;37007;106
HOSPITAL GENERAL DE SEGOVIA (COMPLEJO ASISTENCIAL DE SEGOVIA);CALLE LUIS ERIK CLAVERIA NEUROLOGO S/N S/N;401945;Segovia;40;SEGOVIA;7;CASTILLA Y LEÓN;40002;375
HOSPITAL RECOLETAS SEGOVIA NUESTRA SEÑORA DE LA MISERICORDIA;CALLE DOCTOR VELASCO 21-23;401945;Segovia;40;SEGOVIA;7;CASTILLA Y LEÓN;40003;48
UNIDAD DE REHABILITACION PSIQUIATRICA NUESTRA SEÑORA DE LA FUENCISLA;CARRETERA DE LA GRANJA 7;401556;Palazuelos de Eresma;40;SEGOVIA;7;CASTILLA Y LEÓN;40194;56
HOSPITAL SANTA BARBARA (COMPLEJO ASISTENCIAL DE SORIA);PASEO DE SANTA BARBARA 0;421736;Soria;42;SORIA;7;CASTILLA Y LEÓN;42005;250
HOSPITAL VIRGEN DEL MIRON (COMPLEJO ASISTENCIAL DE SORIA);CARRETERA DE LOGROÑO 8;421736;Soria;42;SORIA;7;CASTILLA Y LEÓN;42005;91
HOSPITAL CLINICO UNIVERSITARIO DE VALLADOLID;AVENIDA RAMON Y CAJAL 3;471868;Valladolid;47;VALLADOLID;7;CASTILLA Y LEÓN;47003;777
HOSPITAL MEDINA DEL CAMPO;CALLE PEÑARANDA DE BRACAMONTE 24;470856;Medina del Campo;47;VALLADOLID;7;CASTILLA Y LEÓN;47000;111
HOSPITAL RECOLETAS CAMPO GRANDE;PLAZA DE COLON, S/N S/N;471868;Valladolid;47;VALLADOLID;7;CASTILLA Y LEÓN;47000;93
HOSPITAL DE VALLADOLID FELIPE II;CALLE FELIPE II 9;471868;Valladolid;47;VALLADOLID;7;CASTILLA Y LEÓN;47003;44
SANATORIO SAGRADO CORAZON;CALLE FIDEL RECIO 1;471868;Valladolid;47;VALLADOLID;7;CASTILLA Y LEÓN;47002;75
HOSPITAL UNIVERSITARIO DEL RIO HORTEGA;CALLE DULZAINA 2;471868;Valladolid;47;VALLADOLID;7;CASTILLA Y LEÓN;47012;600
CENTRO HOSPITALARIO BENITO MENNI;PASEO JUAN CARLOS I 10;471868;Valladolid;47;VALLADOLID;7;CASTILLA Y LEÓN;47008;240
HOSPITAL VIRGEN DE LA CONCHA (COMPLEJO ASISTENCIAL DE ZAMORA);AVENIDA REQUEJO 35;492755;Zamora;49;ZAMORA;7;CASTILLA Y LEÓN;49022;349
HOSPITAL PROVINCIAL DE ZAMORA (COMPLEJO ASISTENCIAL DE ZAMORA);CALLE HERNAN CORTES 40;492755;Zamora;49;ZAMORA;7;CASTILLA Y LEÓN;49021;140
HOSPITAL DE BENAVENTE (COMPLEJO ASISTENCIAL DE ZAMORA);CALLE LUISA MOZO 6;490219;Benavente;49;ZAMORA;7;CASTILLA Y LEÓN;49600;51
HOSPITAL RECOLETAS DE ZAMORA;CALLE PINAR 7;492755;Zamora;49;ZAMORA;7;CASTILLA Y LEÓN;49023;44
HOSPITAL DE HELLIN;CALLE JUAN RAMON JIMENEZ 40;20371;Hellín;2;ALBACETE;8;CASTILLA-LA MANCHA;2400;135
HOSPITAL QUIRONSALUD  ALBACETE;PLAZA DEL MADROÑO 11;20030;Albacete;2;ALBACETE;8;CASTILLA-LA MANCHA;2008;65
HOSPITAL QUIRONSALUD SANTA CRISTINA;CALLE PEREZ GALDOS 7-9;20030;Albacete;2;ALBACETE;8;CASTILLA-LA MANCHA;2003;42
HOSPITAL GENERAL UNIVERSITARIO DE ALBACETE;CALLE HERMANOS FALCO 37;20030;Albacete;2;ALBACETE;8;CASTILLA-LA MANCHA;2006;505
HOSPITAL UNIVERSITARIO NUESTRA SEÑORA  DEL PERPETUO SOCORRO;CALLE SEMINARIO 4;20030;Albacete;2;ALBACETE;8;CASTILLA-LA MANCHA;2006;166
CENTRO DE ATENCION A LA SALUD MENTAL LA MILAGROSA;TRAVESIA DE LA IGUALDAD S/N;20030;Albacete;2;ALBACETE;8;CASTILLA-LA MANCHA;2006;31
HOSPITAL GENERAL DE ALMANSA;AVENIDA ADOLFO SUAREZ S/N;20096;Almansa;2;ALBACETE;8;CASTILLA-LA MANCHA;2640;93
HOSPITAL GENERAL DE VILLARROBLEDO;AVENIDA MIGUEL DE CERVANTES C/V CTRA. PROVENCIO KM. 0,3;20812;Villarrobledo;2;ALBACETE;8;CASTILLA-LA MANCHA;2600;114
HOSPITAL QUIRONSALUD CIUDAD REAL;CALLE ALISOS 19;130343;Ciudad Real;13;CIUDAD REAL;8;CASTILLA-LA MANCHA;13002;47
HOSPITAL GENERAL LA MANCHA CENTRO;AVENIDA DE LA CONSTITUCION 3;130052;Alcázar de San Juan;13;CIUDAD REAL;8;CASTILLA-LA MANCHA;13600;362
HOSPITAL VIRGEN DE ALTAGRACIA;AVENIDA D. EMILIANO GARCIA ROLDAN 2;130533;Manzanares;13;CIUDAD REAL;8;CASTILLA-LA MANCHA;13200;118
HOSPITAL SANTA BARBARA;CARRETERA MALAGON S/Nº;130718;Puertollano;13;CIUDAD REAL;8;CASTILLA-LA MANCHA;13500;141
SERVICIOS SANITARIOS Y ASISTENCIALES;RONDA DEL CARMEN S/Nº;130343;Ciudad Real;13;CIUDAD REAL;8;CASTILLA-LA MANCHA;13002;85
HOSPITAL GENERAL DE VALDEPEÑAS;AVENIDA DE LOS ESTUDIANTES S/Nº;130874;Valdepeñas;13;CIUDAD REAL;8;CASTILLA-LA MANCHA;13300;103
HOSPITAL GENERAL DE CIUDAD REAL;CALLE OBISPO RAFAEL TORIJA S/N;130343;Ciudad Real;13;CIUDAD REAL;8;CASTILLA-LA MANCHA;13005;564
HOSPITAL GENERAL DE TOMELLOSO;CALLE VEREDA DE SOCUELLAMOS S/N;130821;Tomelloso;13;CIUDAD REAL;8;CASTILLA-LA MANCHA;13700;155
HOSPITAL VIRGEN DE LA LUZ;CALLE HERMANDAD DONANTES DE SANGRE 1;160783;Cuenca;16;CUENCA;8;CASTILLA-LA MANCHA;16002;388
HOSPITAL RECOLETAS CUENCA, S.L.U.;AVENIDA DE SAN JULIAN 1;160783;Cuenca;16;CUENCA;8;CASTILLA-LA MANCHA;16003;30
HOSPITAL UNIVERSITARIO DE GUADALAJARA;AVENIDA DONANTES DE SANGRE S/N;191305;Guadalajara;19;GUADALAJARA;8;CASTILLA-LA MANCHA;19002;432
INSTITUTO DE ENFERMEDADES NEUROLOGICAS DE CASTILLA-LA MANCHA;PASEO DE LA ESTACION 2;191305;Guadalajara;19;GUADALAJARA;8;CASTILLA-LA MANCHA;19004;147
CLINICA LA ANTIGUA;CALLE CONSTITUCION 18;191305;Guadalajara;19;GUADALAJARA;8;CASTILLA-LA MANCHA;19003;57
U.R.R. DE ENFERMOS PSIQUICOS ALCOHETE;PASEO CONDE ROMANONES S/N S/N;193264;Yebes;19;GUADALAJARA;8;CASTILLA-LA MANCHA;19141;165
CLINICA DOCTOR SANZ VAZQUEZ;PASEO DOCTOR FERNANDEZ IPARRAGUIRRE 6;191305;Guadalajara;19;GUADALAJARA;8;CASTILLA-LA MANCHA;19001;40
CENTRO DE ACOGIDA PROYECTO HOMBRE;CALLE BOLARQUE 3;191305;Guadalajara;19;GUADALAJARA;8;CASTILLA-LA MANCHA;19005;15
HOSPITAL PROVINCIAL NTRA.SRA.DE LA MISERICORDIA;CALLE SAN SERVANDO S/N;451685;Toledo;45;TOLEDO;8;CASTILLA-LA MANCHA;45006;144
CLINICA MARAZUELA, S.A.;AVENIDA DE EXTREMADURA 5;451650;Talavera de la Reina;45;TOLEDO;8;CASTILLA-LA MANCHA;45600;15
CENTRO DE TRATAMIENTO DE DROGODEPENDIENTES EL ALBA;CARRETERA PUEBLA DE MONTALBAN KM. 3,6;451685;Toledo;45;TOLEDO;8;CASTILLA-LA MANCHA;45071;30
HOSPITAL QUIRONSALUD TOLEDO;CALLE URBANIZACION TRES CULTURAS S/N;451685;Toledo;45;TOLEDO;8;CASTILLA-LA MANCHA;45005;80
HOSPITAL VIRGEN DE LA SALUD;AVENIDA DE BARBER 30;451685;Toledo;45;TOLEDO;8;CASTILLA-LA MANCHA;45004;953
HOSPITAL GERIATRICO VIRGEN DEL VALLE;CARRETERA COBISA S/N;451685;Toledo;45;TOLEDO;8;CASTILLA-LA MANCHA;45004;155
HOSPITAL GENERAL NUESTRA SEÑORA DEL PRADO;CARRETERA MADRID KM 114;451650;Talavera de la Reina;45;TOLEDO;8;CASTILLA-LA MANCHA;45600;312
HOSPITAL NACIONAL DE PARAPLEJICOS;CALLE FINCA DE LA PERALEDA S/N;451685;Toledo;45;TOLEDO;8;CASTILLA-LA MANCHA;45071;210
HOSPITAL MUNICIPAL DE BADALONA;VIA AUGUSTA, 9;80155;Badalona;8;BARCELONA;9;CATALUÑA;8911;140
HESTIA PALAU.;CALLE SANT ANTONI MARIA CLARET , 135;80193;Barcelona;8;BARCELONA;9;CATALUÑA;8025;317
HOSPITAL UNIVERSITARI SAGRAT COR;CALLE VILADOMAT 288;80193;Barcelona;8;BARCELONA;9;CATALUÑA;8029;367
CLINICA CORACHAN;CALLE BUIGAS 19;80193;Barcelona;8;BARCELONA;9;CATALUÑA;8017;162
CLINICA TRES TORRES;CALLE DOCTOR ROUX 76;80193;Barcelona;8;BARCELONA;9;CATALUÑA;8017;64
HOSPITAL DE LA SANTA CREU I SANT PAU;CALLE SANT QUINTI 89;80193;Barcelona;8;BARCELONA;9;CATALUÑA;8041;644
HESTIA DURAN I REYNALS;AVENIDA GRAN  VIA 203;81017;Hospitalet de Llobregat, L';8;BARCELONA;9;CATALUÑA;8908;428
HOSPITAL QUIRONSALUD BARCELONA;PLAZA ALFONS COMIN 5-7;80193;Barcelona;8;BARCELONA;9;CATALUÑA;8023;192
CENTRE  MEDIC  DELFOS;AVENIDA VALLCARCA . 151;80193;Barcelona;8;BARCELONA;9;CATALUÑA;8023;264
HOSPITAL EL PILAR;CALLE BALMES 271;80193;Barcelona;8;BARCELONA;9;CATALUÑA;8006;186
CENTRE HOSPITALARI POLICLINICA BARCELONA;CALLE GUILLEM TELL 4;80193;Barcelona;8;BARCELONA;9;CATALUÑA;8006;28
SERVEIS CLINICS, S.A.;CALLE GARCIA MARIÑO 4;80193;Barcelona;8;BARCELONA;9;CATALUÑA;8022;50
CLINICA COROLEU - SSR HESTIA.;CALLE COROLEU 50;80193;Barcelona;8;BARCELONA;9;CATALUÑA;8030;74
CENTRE MEDIC SANT JORDI DE SANT ANDREU;PLAZA ESTACIO 12;80193;Barcelona;8;BARCELONA;9;CATALUÑA;8030;57
CLINICA DIAGONAL;CALLE SANT MATEU 24;80771;Esplugues de Llobregat;8;BARCELONA;9;CATALUÑA;8950;101
HOSPITAL DEL MAR.;PASEO MARITIM DE LA BARCELONETA 25;80193;Barcelona;8;BARCELONA;9;CATALUÑA;8003;470
HOSPITAL PLATO;CALLE PLATO 21;80193;Barcelona;8;BARCELONA;9;CATALUÑA;8006;168
HOSPITAL UNIVERSITARI QUIR¿N DEXEUS;CALLE SABINO DE  ARANA 5-19;80193;Barcelona;8;BARCELONA;9;CATALUÑA;8028;170
HOSPITAL CLINIC DE BARCELONA;CALLE VILLARROEL 170;80193;Barcelona;8;BARCELONA;9;CATALUÑA;8036;844
HOSPITAL DOS DE MAIG;CALLE DOS DE MAIG 301;80193;Barcelona;8;BARCELONA;9;CATALUÑA;8025;229
HOSPITAL DE L'ESPERANÇA.;AVENIDA SANT JOSEP DE LA MUNTANYA 12;80193;Barcelona;8;BARCELONA;9;CATALUÑA;8024;161
CLINICA PLANAS;CALLE PERE II DE MONTCADA 16;80193;Barcelona;8;BARCELONA;9;CATALUÑA;8034;26
FREMAP, HOSPITAL DE BARCELONA;CALLE MADRAZO 8;80193;Barcelona;8;BARCELONA;9;CATALUÑA;8006;62
CENTRE DE PREVENCIO I REHABILITACIO ASEPEYO;AVENIDA ALCALDE BARNILS 54-60;82055;Sant Cugat del Vallès;8;BARCELONA;9;CATALUÑA;8174;138
CLINICA MC COPERNIC;CALLE COPERNIC 58;80193;Barcelona;8;BARCELONA;9;CATALUÑA;8006;60
FUNDACIO PUIGVERT - IUNA;CALLE CARTAGENA . 340;80193;Barcelona;8;BARCELONA;9;CATALUÑA;8025;124
NOU HOSPITAL EVANGELIC;CALLE CAMELIES 15;80193;Barcelona;8;BARCELONA;9;CATALUÑA;8024;116
CLINICA NOSTRA SENYORA DEL REMEI;CALLE ESCORIAL 148;80193;Barcelona;8;BARCELONA;9;CATALUÑA;8024;134
HOSPITAL EGARSAT SANT HONORAT;AVENIDA TIBIDABO 20;80193;Barcelona;8;BARCELONA;9;CATALUÑA;8022;14
CLINICA SAGRADA FAMILIA;CALLE TORRAS  I  PUJALT 1;80193;Barcelona;8;BARCELONA;9;CATALUÑA;8022;150
HOSPITAL SANT RAFAEL;PASEO VALL D'HEBRON 107;80193;Barcelona;8;BARCELONA;9;CATALUÑA;8035;213
HOSPITAL CLINIC DE BARCELONA, SEU SABINO DE ARANA;CALLE SABINO DE ARANA 1;80193;Barcelona;8;BARCELONA;9;CATALUÑA;8028;130
HOSPITAL DE NENS DE BARCELONA;CALLE CONSELL DE CENT 437;80193;Barcelona;8;BARCELONA;9;CATALUÑA;8009;18
CENTRO MEDICO TEKNON,  GRUPO QUIRONSALUD;CALLE VILANA 12;80193;Barcelona;8;BARCELONA;9;CATALUÑA;8022;285
CENTRE D'OFTALMOLOGIA BARRAQUER;CALLE MUNTANER 314;80193;Barcelona;8;BARCELONA;9;CATALUÑA;8021;70
INSTITUT GUTTMANN;CAMINO CAN RUTI S/N;80155;Badalona;8;BARCELONA;9;CATALUÑA;8916;152
HOSPITAL MARE DE DEU DE LA MERCE;PASEO UNIVERSAL 34;80193;Barcelona;8;BARCELONA;9;CATALUÑA;8042;113
HOSPITAL COMARCAL DE SANT BERNABE;CARRETERA DE RIBES S/N;80229;Berga;8;BARCELONA;9;CATALUÑA;8600;150
HOSPITAL COMARCAL SANT JAUME DE CALELLA;CALLE SANT JAUME 209-217;80351;Calella;8;BARCELONA;9;CATALUÑA;8370;233
HOSPITAL DE SANT JOAN DE DEU.;CALLE SANT JOAN DE DEU 2;80771;Esplugues de Llobregat;8;BARCELONA;9;CATALUÑA;8950;401
CLINICA NOSTRA SENYORA DE GUADALUPE;CALLE FRANCESC MORAGAS 2;80771;Esplugues de Llobregat;8;BARCELONA;9;CATALUÑA;8950;159
HOSPITAL GENERAL DE GRANOLLERS;AVENIDA FRANCESC RIBAS 1;80961;Granollers;8;BARCELONA;9;CATALUÑA;8402;316
HOSPITAL GENERAL DE L'HOSPITALET;AVENIDA JOSEP MOLINS, 29;81017;Hospitalet de Llobregat, L';8;BARCELONA;9;CATALUÑA;8906;89
HOSPITAL UNIVERSITARI DE BELLVITGE;CALLE FEIXA LLARGA S/N;81017;Hospitalet de Llobregat, L';8;BARCELONA;9;CATALUÑA;8907;1022
FUNDACIO SANITARIA SANT JOSEP;CALLE CARME  VERDAGUER 56;81022;Igualada;8;BARCELONA;9;CATALUÑA;8700;145
HOSPITAL  DE  SANT  JAUME;CARRETERA D'OLOT 7;81120;Manlleu;8;BARCELONA;9;CATALUÑA;8560;90
HOSPITAL DE SANT ANDREU;CALLE REMEI DE DALT 3;81136;Manresa;8;BARCELONA;9;CATALUÑA;8240;191
CENTRE HOSPITALARI.;AVENIDA BASES DE MANRESA 6-8;81136;Manresa;8;BARCELONA;9;CATALUÑA;8242;309
CLINICA SANT JOSEP;CALLE CAPUTXINS 16;81136;Manresa;8;BARCELONA;9;CATALUÑA;8241;95
GERMANES HOSPITALARIES. HOSPITAL SAGRAT COR.;AVENIDA COMTE DE LLOBREGAT 117;81141;Martorell;8;BARCELONA;9;CATALUÑA;8760;488
FUNDACIO HOSPITAL SANT JOAN DE DEU;AVENIDA MANCOMUNITATS COMARCALS 1;81141;Martorell;8;BARCELONA;9;CATALUÑA;8760;112
CENTRE MEDIC MOLINS, SL;PASEO DEL TERRAPLE 97;81234;Molins de Rei;8;BARCELONA;9;CATALUÑA;8750;177
HOSPITAL DE MOLLET;RONDA PINETONS 6-8;81249;Mollet del Vallès;8;BARCELONA;9;CATALUÑA;8100;174
BENITO MENNI,COMPLEX ASSISTENCIAL EN SALUT MENTAL.;CALLE DR. ANTONI PUJADAS 38;82009;Sant Boi de Llobregat;8;BARCELONA;9;CATALUÑA;8830;774
PARC SANITARI SANT JOAN DE DEU - RECINTE SANT BOI.;CALLE DR. ANTONI PUJADAS 42;82009;Sant Boi de Llobregat;8;BARCELONA;9;CATALUÑA;8830;1065
HOSPITAL DE SANT CELONI.;AVENIDA DE L'HOSPITAL 19;82021;Sant Celoni;8;BARCELONA;9;CATALUÑA;8470;100
CASAL DE CURACIO;CALLE MARIA VIDAL 19;82191;Vilassar de Mar;8;BARCELONA;9;CATALUÑA;8340;81
HOSPITAL RESIDENCIA SANT CAMIL - CONSORCI SANITARI DEL GARRAF.;RONDA SANT  CAMIL S/N;82310;Sant Pere de Ribes;8;BARCELONA;9;CATALUÑA;8810;295
FUNDACIO HOSPITAL DE L'ESPERIT SANT;AVENIDA MOSSEN JOSEP PONS I ROBADA S/N;82457;Santa Coloma de Gramenet;8;BARCELONA;9;CATALUÑA;8923;177
CENTRES ASSISTENCIALS DR. EMILI MIRA I LOPEZ (RECINTE TORRIBERA).;CALLE PRAT DE LA RIBA 171;82457;Santa Coloma de Gramenet;8;BARCELONA;9;CATALUÑA;8921;454
HOSPITAL DE SANT LLATZER;PLAZA DOCTOR ROBERT 1;82798;Terrassa;8;BARCELONA;9;CATALUÑA;8221;77
HOSPITAL UNIVERSITARI MUTUA DE TERRASSA;PLAZA DOCTOR ROBERT 5;82798;Terrassa;8;BARCELONA;9;CATALUÑA;8221;534
CLINICA SANT JOSEP;CALLE SANT SEGIMON 3;82981;Vic;8;BARCELONA;9;CATALUÑA;8500;21
HOSPITAL DE LA SANTA CREU;RAMBLA HOSPITAL 52;82981;Vic;8;BARCELONA;9;CATALUÑA;8500;127
HOSPITAL SANT ANTONI ABAT - CONSORCI SANITARI DEL GARRAF.;CALLE SANT JOSEP 21;83073;Vilanova i la Geltrú;8;BARCELONA;9;CATALUÑA;8800;111
HOSPITAL UNIVERSITARI GERMANS TRIAS I PUJOL DE BADALONA;CALLE CANYET S/N;80155;Badalona;8;BARCELONA;9;CATALUÑA;8916;516
HOSPITAL UNIVERSITARI GENERAL DE CATALUNYA;CALLE PEDRO I PONS 1;82055;Sant Cugat del Vallès;8;BARCELONA;9;CATALUÑA;8195;286
HOSPITAL DE TERRASSA.;CARRETERA TORREBONICA S/N;82798;Terrassa;8;BARCELONA;9;CATALUÑA;8227;460
HOSPITAL DE SABADELL;PARQUE TAULI S/N;81878;Sabadell;8;BARCELONA;9;CATALUÑA;8208;861
HOSPITAL  GENERAL  DE  VIC;CALLE FRANCESC PLA EL VIGATA 1;82981;Vic;8;BARCELONA;9;CATALUÑA;8500;292
HOSPITAL DE VILADECANS;AVENIDA GAVA 38;83015;Viladecans;8;BARCELONA;9;CATALUÑA;8840;110
HOSPITAL  DE  BARCELONA;AVENIDA DIAGONAL . 656;80193;Barcelona;8;BARCELONA;9;CATALUÑA;8034;350
CENTRE SOCIOSANITARI VERGE DEL PUIG;CALLE CAMPINS 37;82021;Sant Celoni;8;BARCELONA;9;CATALUÑA;8470;40
PRYTANIS SANT BOI CENTRE SOCIOSANITARI;CALLE JOSEP TORRAS I BAGES 55;82009;Sant Boi de Llobregat;8;BARCELONA;9;CATALUÑA;8830;122
CENTRE SOCIOSANITARI EL CARME;CAMINO SANT JERONI DE LA MURTRA, 60;80155;Badalona;8;BARCELONA;9;CATALUÑA;8917;210
CENTRE SOCIOSANITARI CAN TORRAS;CARRETERA EL MASNOU A ALELLA 1;80039;Alella;8;BARCELONA;9;CATALUÑA;8328;119
CENTRE GERIATRIC DEL MARESME;CALLE LEPANT 13-21;81213;Mataró;8;BARCELONA;9;CATALUÑA;8301;125
HOSPITAL DE SANT JOAN DE DEU (MANRESA);CALLE DOCTOR  JOAN  SOLER 1-3;81136;Manresa;8;BARCELONA;9;CATALUÑA;8243;280
RESIDENCIA PUIG-REIG;CALLE LLOBREGAT 75;81751;Puig-reig;8;BARCELONA;9;CATALUÑA;8692;30
RESIDENCIA L'ESTADA;CAMINO DE LA MASIA S/N;81976;Sant Andreu de Llavaneres;8;BARCELONA;9;CATALUÑA;8392;60
RESIDENCIA SANTA SUSANNA;CALLE FONT I BOET 16;80333;Caldes de Montbui;8;BARCELONA;9;CATALUÑA;8140;75
CENTRE POLIVALENT CAN FOSC;CARRETERA DE LLERONA S/N;80057;Ametlla del Vallès, L';8;BARCELONA;9;CATALUÑA;8480;56
HOSPITAL SOCIOSANITARI MUTUAM GUELL;CALLE MARE DE DEU DE LA SALUT 49;80193;Barcelona;8;BARCELONA;9;CATALUÑA;8024;167
COMUNITAT TERAPEUTICA ARENYS DE MUNT;CARRETERA BARRI ORIENT  CAN ZARIQUIEY 26;80076;Arenys de Munt;8;BARCELONA;9;CATALUÑA;8358;42
MUTUA DE GRANOLLERS, MUTUA DE PREVISIO SOCIAL A PRIMA FIXA;PLAZA PAU CASALS S/N;80961;Granollers;8;BARCELONA;9;CATALUÑA;8402;20
HOSPITAL GENERAL PENITENCIARI;CARRETERA TORREBONICA S/N;82798;Terrassa;8;BARCELONA;9;CATALUÑA;8227;32
HOSPITAL COMARCAL DE L'ALT PENEDES.;CALLE ESPIRALL S/N;83054;Vilafranca del Penedès;8;BARCELONA;9;CATALUÑA;8720;144
INSTITUT CATALA D'ONCOLOGIA - HOSPITAL DURAN I REYNALS;AVENIDA GRAN VIA 203;81017;Hospitalet de Llobregat, L';8;BARCELONA;9;CATALUÑA;8908;126
APTIMA CENTRE CLINIC - MUTUA DE TERRASSA;PLAZA DOCTOR ROBERT 5;82798;Terrassa;8;BARCELONA;9;CATALUÑA;8221;70
SAR MONT MARTI;CARRETERA CASSERRES (ABANS PO. LA SALA S/N) 1;81751;Puig-reig;8;BARCELONA;9;CATALUÑA;8692;20
REGINA SAR;CALLE MARE DE DEU DEL COLL 22-30;80193;Barcelona;8;BARCELONA;9;CATALUÑA;8023;12
ITA MARESME;CALLE BARO DE VIVER 58;80095;Argentona;8;BARCELONA;9;CATALUÑA;8310;77
HOSPITAL DE MATARO;CARRETERA CIRERA 230;81213;Mataró;8;BARCELONA;9;CATALUÑA;8304;402
CLINICA LLURIA;PASAJE MERCADER 14;80193;Barcelona;8;BARCELONA;9;CATALUÑA;8008;40
CENTRE VALLPARADIS;CALLE SANT ANTONI 52;82798;Terrassa;8;BARCELONA;9;CATALUÑA;8221;81
ANTIC HOSPITAL DE SANT JAUME I SANTA MAGDALENA;CALLE HOSPITAL 29-31;81213;Mataró;8;BARCELONA;9;CATALUÑA;8301;70
PARC SANITARI SANT JOAN DE DEU - NUMANCIA;CALLE NUMANCIA 7-13;80193;Barcelona;8;BARCELONA;9;CATALUÑA;8029;159
CENTRE SOCIOSANITARI DE L'HOSPITALET - CONSORCI SANITARI INTEGRAL;AVENIDA JOSEP MOLINS 41;81017;Hospitalet de Llobregat, L';8;BARCELONA;9;CATALUÑA;8906;123
PRYTANIS HOSPITALET CENTRE SOCIOSANITARI;CALLE APRESTADORA 43-45;81017;Hospitalet de Llobregat, L';8;BARCELONA;9;CATALUÑA;8902;97
CENTRE COLLSEROLA MUTUAL;PASEO VALL D'HEBRON, 159;80193;Barcelona;8;BARCELONA;9;CATALUÑA;8035;34
HOSPITAL SOCIOSANITARI PERE VIRGILI;AVENIDA VALLCARCA 169-205;80193;Barcelona;8;BARCELONA;9;CATALUÑA;8023;366
BENITO MENNI COMPLEX ASSISTENCIAL EN SALUT MENTAL;CALLE FRANCESC RIBAS 59;80961;Granollers;8;BARCELONA;9;CATALUÑA;8402;30
INSTITUT CATALA D'ONCOLOGIA - HOSPITAL GERMANS TRIAS I PUJOL;CARRETERA CANYET S/N;80155;Badalona;8;BARCELONA;9;CATALUÑA;8916;36
HOSPITAL  SANITAS CIMA;PASEO MANUEL GIRONA 33;80193;Barcelona;8;BARCELONA;9;CATALUÑA;8034;83
PARC SANITARI SANT JOAN DE DEU - BRIANS 1.;CARRETERA DE MARTORELL A CAPELLADES ,;82080;Sant Esteve Sesrovires;8;BARCELONA;9;CATALUÑA;8635;150
HOSPITAL D'IGUALADA;AVENIDA CATALUNYA 11;81022;Igualada;8;BARCELONA;9;CATALUÑA;8700;280
CENTRE SOCIOSANITARI SARQUAVITAE SANT JORDI;CARRETERA SANT JOAN DESPI 60;80734;Cornellà de Llobregat;8;BARCELONA;9;CATALUÑA;8940;51
CENTRE SOCIOSANITARI D'ESPLUGUES;VIA AUGUSTA 66-70;80771;Esplugues de Llobregat;8;BARCELONA;9;CATALUÑA;8950;131
SAR LA SALUT JOSEP SERVAT;CALLE ANTEQUERA, 8-18;80193;Barcelona;8;BARCELONA;9;CATALUÑA;8024;56
CENTRE SOCIOSANITARI RICARD FORTUNY;AVENIDA GARRAF 3;83054;Vilafranca del Penedès;8;BARCELONA;9;CATALUÑA;8720;187
CLINICA CREU BLANCA;PASEO REINA  ELISENDA  DE  MONTCADA, 17;80193;Barcelona;8;BARCELONA;9;CATALUÑA;8034;51
PARC SANITARI SANT JOAN DE DEU-SERVEIS SANITARIS CENTRE PENITENCIARI BRIANS-2;CARRETERA MARTORELL A CAPELLADES ,;82080;Sant Esteve Sesrovires;8;BARCELONA;9;CATALUÑA;8635;152
CENTRE FORUM;CALLE LLULL, 410;80193;Barcelona;8;BARCELONA;9;CATALUÑA;8019;223
HESTIA GRACIA;CALLE SECRETARI COLOMA 95;80193;Barcelona;8;BARCELONA;9;CATALUÑA;8024;153
CLINICA MC LONDRES;CALLE LONDRES 28-38;80193;Barcelona;8;BARCELONA;9;CATALUÑA;8029;22
CENTRE SOCIOSANITARI BLAUCLINIC DOLORS ALEU;CALLE MARQUES DE SANTA ANNA 9;80193;Barcelona;8;BARCELONA;9;CATALUÑA;8023;174
CLINICA GALATEA;CALLE PALAFOLLS 15-19;80193;Barcelona;8;BARCELONA;9;CATALUÑA;8017;22
CENTRE SOCIAL I SANITARI FREDERICA MONTSENY;CALLE ESLIDA 6-8;83015;Viladecans;8;BARCELONA;9;CATALUÑA;8840;76
UNITAT POLIVALENT SALUT MENTAL BARCELONA-NORD;AVENIDA JORDA 8;80193;Barcelona;8;BARCELONA;9;CATALUÑA;8035;52
HOSPITAL QUIRON SALUD DEL VALLES - CLINICA DEL VALLES;PASEO RUBIO I ORS 25-27;81878;Sabadell;8;BARCELONA;9;CATALUÑA;8203;107
CENTRE SOCIOSANITARI SANT JORDI DE LA VALL D'HEBRON;PASEO VALL D'HEBRON 135-141;80193;Barcelona;8;BARCELONA;9;CATALUÑA;8035;57
CENTRE INTEGRAL DE SERVEIS EN SALUT MENTAL COMUNITARIA;CALLE VERNTALLAT 11-19;80193;Barcelona;8;BARCELONA;9;CATALUÑA;8024;25
CLINICA SANT ANTONI;CALLE SANT ELOI 6-8;80193;Barcelona;8;BARCELONA;9;CATALUÑA;8038;224
MAPFRE QUAVITAE BARCELONA;CALLE SANT ANTONI MARIA CLARET 200;80193;Barcelona;8;BARCELONA;9;CATALUÑA;8025;38
HOSPITAL UNIVERSITARI VALL D'HEBRON;PASEO VALL D'HEBRON 119-129;80193;Barcelona;8;BARCELONA;9;CATALUÑA;8035;1315
HESTIA STAUROS;PLAZA KARL MARX 1;80193;Barcelona;8;BARCELONA;9;CATALUÑA;8042;98
HOSPITAL DE SANT JOAN DESPI MOISES BROGGI;AVENIDA JACINT VERDAGUER 90;82172;Sant Joan Despí;8;BARCELONA;9;CATALUÑA;8970;328
ITA MARESME;CALLE AVENIR 14;80193;Barcelona;8;BARCELONA;9;CATALUÑA;8006;56
UNITAT POLIVALENT BENITO MENNI EN SALUT MENTAL DE L'HOSPITALET-EL PRAT DE LLOBREGAT;CALLE SANT RAFAEL 11;81017;Hospitalet de Llobregat, L';8;BARCELONA;9;CATALUÑA;8905;35
CENTRE SOCIOSANITARI DEL CENTRE INTEGRAL DE SALUT COTXERES;AVENIDA BORBO 18-30;80193;Barcelona;8;BARCELONA;9;CATALUÑA;8016;209
HOSPITAL SOCIOSANITARI DE MOLLET;CALLE SANT LLORENÇ 39-41;81249;Mollet del Vallès;8;BARCELONA;9;CATALUÑA;8100;109
IVAN MAÑERO CLINIC;CALLE VICTOR HUGO 24;82055;Sant Cugat del Vallès;8;BARCELONA;9;CATALUÑA;8174;17
SARQUAVITAE BONANOVA;CALLE CALATRAVA 83;80193;Barcelona;8;BARCELONA;9;CATALUÑA;8017;28
CENTRE D'HOSPITALITZACIO I HOSPITAL DE DIA TRASTORNS DE LA CONDUCTA;CALLE CIRES S/N;80095;Argentona;8;BARCELONA;9;CATALUÑA;8310;40
CENTRE SOCIOSANITARI ISABEL ROIG;CALLE FERNANDO PESSOA 47-51;80193;Barcelona;8;BARCELONA;9;CATALUÑA;8030;251
CENTRE LA CREUETA;PLAZA DE LES VAQUES S/N;81878;Sabadell;8;BARCELONA;9;CATALUÑA;8202;46
UNITAT TERAPEUTICA-EDUCATIVA ACOMPANYA'M;CALLE JESUS I MARIA 18-20;80193;Barcelona;8;BARCELONA;9;CATALUÑA;8022;30
CAT BARCELONA;CALLE POMARET 20;80193;Barcelona;8;BARCELONA;9;CATALUÑA;8017;28
CLINICA SALUS INFIRMORUM;PASEO MOSSEN LLUIS CONSTANS 130;170157;Banyoles;17;GIRONA;9;CATALUÑA;17820;100
HOSPITAL DE SANT JAUME;CALLE JAUME ARCELOS 1;170237;Blanes;17;GIRONA;9;CATALUÑA;17300;23
HOSPITAL DE CAMPDEVANOL;CARRETERA DE GOMBREN 20;170366;Campdevànol;17;GIRONA;9;CATALUÑA;17530;80
HOSPITAL DE FIGUERES;RONDA RECTOR AROLAS S/N;170669;Figueres;17;GIRONA;9;CATALUÑA;17600;168
CLINICA SANTA CREU;CALLE PERE III, 41;170669;Figueres;17;GIRONA;9;CATALUÑA;17600;35
CLINICA BOFILL;RONDA SANT ANTONI MARIA CLARET, 20;170792;Girona;17;GIRONA;9;CATALUÑA;17002;47
HOSPITAL UNIVERSITARI DE GIRONA DR. JOSEP TRUETA;AVENIDA FRANÇA S/N;170792;Girona;17;GIRONA;9;CATALUÑA;17007;431
CLINICA GIRONA;CALLE JOAN  MARAGALL 26;170792;Girona;17;GIRONA;9;CATALUÑA;17002;123
CLINICA QUIRURGICA ONYAR;CALLE HEROINES DE SANTA BARBARA 6;170792;Girona;17;GIRONA;9;CATALUÑA;17004;38
HOSPITAL SANTA CATERINA-IAS;AVENIDA DOCTOR CASTANY (P. H. MARTI I JULIA) S/N;171557;Salt;17;GIRONA;9;CATALUÑA;17190;178
HOSPITAL PSIQUIATRIC;CALLE DOCTOR CASTANY, S/N;171557;Salt;17;GIRONA;9;CATALUÑA;17190;593
HOSPITAL SOCIOSANITARI DE LLORET DE MAR;CALLE VALL DE VENECIA, 59;170950;Lloret de Mar;17;GIRONA;9;CATALUÑA;17310;63
HOSPITAL D'OLOT I COMARCAL DE LA GARROTXA;AVENIDA PAISOS  CATALANS 86;171143;Olot;17;GIRONA;9;CATALUÑA;17800;137
HOSPITAL DE PALAMOS;CALLE HOSPITAL 36;171181;Palamós;17;GIRONA;9;CATALUÑA;17230;136
RESIDENCIA DE GENT GRAN PUIG D'EN ROCA;CALLE ANTONI VARES I MARTINELL 37;170792;Girona;17;GIRONA;9;CATALUÑA;17007;55
HOSPITAL COMARCAL DE BLANES;CARRETERA ACCES CALA SANT FRANCESC 5;170237;Blanes;17;GIRONA;9;CATALUÑA;17300;121
RESIDENCIA GERIATRICA MARIA GAY;CALLE PORTAL NOU 12;170792;Girona;17;GIRONA;9;CATALUÑA;17004;24
CENTRE SOCIOSANITARI MUTUAM GIRONA;AVENIDA FRANÇA 64;170792;Girona;17;GIRONA;9;CATALUÑA;17007;90
CENTRE SOCIOSANITARI DE PUIGCERDA;CAMINO ANTIC DE LLIVIA S/N;171411;Puigcerdà;17;GIRONA;9;CATALUÑA;17520;52
CENTRE SOCIOSANITARI BERNAT JAUME;RONDA RECTOR AROLAS S/N;170669;Figueres;17;GIRONA;9;CATALUÑA;17600;121
INSTITUT CATALA D'ONCOLOGIA GIRONA - HOSPITAL JOSEP TRUETA;AVENIDA FRANÇA S/N;170792;Girona;17;GIRONA;9;CATALUÑA;17007;26
CENTRE SOCIOSANITARI PARC HOSPITALARI MARTI I JULIA;CALLE DR. CASTANY S/N;171557;Salt;17;GIRONA;9;CATALUÑA;17190;120
CENTRE PALAMOS GENT GRAN;CALLE PROVENÇA 36;171181;Palamós;17;GIRONA;9;CATALUÑA;17230;100
HOSPITAL DE CERDANYA / HOPITAL DE CERDAGNE;CAMINO D'UR 31;171411;Puigcerdà;17;GIRONA;9;CATALUÑA;17520;66
CLINICA PSIQUIATRICA BELLAVISTA;AVENIDA ROVIRA ROURE 116;251207;Lleida;25;LLEIDA;9;CATALUÑA;25198;75
HOSPITAL UNIVERSITARI ARNAU DE VILANOVA DE LLEIDA.;AVENIDA ALCALDE  ROVIRA  ROURE 80;251207;Lleida;25;LLEIDA;9;CATALUÑA;25198;463
VITHAS HOSPITAL MONTSERRAT;CALLE BISBE TORRES 13;251207;Lleida;25;LLEIDA;9;CATALUÑA;25002;47
CLINICA PERPETUO SOCORRO DE LERIDA, GRUPO HLA, SLU;CALLE BISBE MESSEGUER 3;251207;Lleida;25;LLEIDA;9;CATALUÑA;25003;58
HOSPITAL SANTA MARIA;AVENIDA ALCALDE ROVIRA ROURE 44;251207;Lleida;25;LLEIDA;9;CATALUÑA;25198;229
FUNDACIO SANT HOSPITAL.;PASEO JOAN BRUDIEU 8;252038;Seu d'Urgell, La;25;LLEIDA;9;CATALUÑA;25700;88
HOSPITAL COMARCAL DEL PALLARS;CALLE PAU CASALS 5;252347;Tremp;25;LLEIDA;9;CATALUÑA;25620;63
ESPITAU VAL D'ARAN;CALLE ESPITAU, 8;252430;Vielha e Mijaran;25;LLEIDA;9;CATALUÑA;25530;31
CENTRE SANITARI DEL SOLSONES, FPC;PLAZA ANTONI GUITART, 1;252075;Solsona;25;LLEIDA;9;CATALUÑA;25280;32
HESTIA BALAGUER.;CALLE GREGORI GALLEGO 22-28;250404;Balaguer;25;LLEIDA;9;CATALUÑA;25600;120
RESIDENCIA TERRAFERMA;CALLE PARTIDA DEL GRAO S/N;250236;Alpicat;25;LLEIDA;9;CATALUÑA;25110;137
CASTELL D'OLIANA RESIDENCIAL,S.L;CARRETERA DE LLEIDA A PUIGCERDA .;251497;Oliana;25;LLEIDA;9;CATALUÑA;25790;20
HOSPITAL JAUME NADAL MEROLES;CALLE ACADEMIA 41;251207;Lleida;25;LLEIDA;9;CATALUÑA;25002;126
SANT JOAN DE DEU TERRES DE LLEIDA;CARRETERA N-240 .;250194;Almacelles;25;LLEIDA;9;CATALUÑA;25100;14
HOSPITAL SANT JOAN DE DEU LLEIDA;AVENIDA CANADENCA S/N;251207;Lleida;25;LLEIDA;9;CATALUÑA;25001;130
CENTRE MQ REUS;CALLE ANTONI GAUDI 26;431233;Reus;43;TARRAGONA;9;CATALUÑA;43203;50
VILLABLANCA SERVEIS ASSISTENCIALS, SA;PARTIDA BELLISENS S/N;431233;Reus;43;TARRAGONA;9;CATALUÑA;43205;350
INSTITUT PERE MATA, S.A;CARRETERA DE L'INSTITUT PERE MATA S/N;431233;Reus;43;TARRAGONA;9;CATALUÑA;43206;727
CLINICA ACTIVA MUTUA 2008;CALLE PIN I SOLER 12;431482;Tarragona;43;TARRAGONA;9;CATALUÑA;43002;22
HOSPITAL DE SANT PAU I SANTA TECLA;RAMBLA VELLA 14;431482;Tarragona;43;TARRAGONA;9;CATALUÑA;43003;186
HOSPITAL UNIVERSITARI JOAN XXIII DE TARRAGONA;CALLE DOCTOR MALLAFRE GUASCH 4;431482;Tarragona;43;TARRAGONA;9;CATALUÑA;43007;372
HOSPITAL SOCIOSANITARI FRANCOLI;CALLE DOCTOR MALLAFRE GUASCH S/N;431482;Tarragona;43;TARRAGONA;9;CATALUÑA;43005;156
HOSPITAL VIAMED MONEGAL;CALLE LOPEZ PELAEZ 15-17;431482;Tarragona;43;TARRAGONA;9;CATALUÑA;43002;53
HOSPITAL DE LA SANTA CREU;PASEO MOSSEN VALLS BARTOMEU 1;431554;Tortosa;43;TARRAGONA;9;CATALUÑA;43590;250
CLINICA TERRES DE L'EBRE;PLAZA JOAQUIM  BAU 6-8;431554;Tortosa;43;TARRAGONA;9;CATALUÑA;43500;40
HOSPITAL DE TORTOSA VERGE DE LA CINTA;CALLE ESPLANETES . 44;431554;Tortosa;43;TARRAGONA;9;CATALUÑA;43500;248
HOSPITAL COMARCAL MORA D'EBRE;CALLE BENET MESSEGUER S/N;430939;Móra d'Ebre;43;TARRAGONA;9;CATALUÑA;43740;120
PIUS HOSPITAL DE VALLS;PLAZA SANT FRANCESC S/N;431613;Valls;43;TARRAGONA;9;CATALUÑA;43800;142
RESIDENCIA ALT CAMP;CAMINO DEL BOSC S/N;431613;Valls;43;TARRAGONA;9;CATALUÑA;43800;50
POLICLINICA COMARCAL DEL VENDRELL.;AVENIDA SANTA OLIVA 1-13;431401;Santa Oliva;43;TARRAGONA;9;CATALUÑA;43710;136
CENTRE SOCIOSANITARI CIUTAT DE REUS;CAMINO DE TARRAGONA 10;431233;Reus;43;TARRAGONA;9;CATALUÑA;43204;85
HOSPITAL COMARCAL D'AMPOSTA;CALLE JACINT VERDAGUER 11;430141;Amposta;43;TARRAGONA;9;CATALUÑA;43870;88
CENTRE SOCIOSANITARI LLEVANT;CALLE JOAN FUSTER ORTELLS S/N;431482;Tarragona;43;TARRAGONA;9;CATALUÑA;43007;60
RESIDENCIA VILA-SECA;CALLE REQUET DE FELIX 35;431711;Vila-seca;43;TARRAGONA;9;CATALUÑA;43480;35
HOSPITAL DEL VENDRELL;CARRETERA N-340 1193;431634;Vendrell, El;43;TARRAGONA;9;CATALUÑA;43700;120
UNITAT POLIVALENT EN SALUT MENTAL D'AMPOSTA;CALLE AMERICA 15;430141;Amposta;43;TARRAGONA;9;CATALUÑA;43870;127
CENTRE SOCIOSANITARI I RESIDENCIA ASSISTIDA SALOU;AVENIDA PAU CASALS 3;439057;Salou;43;TARRAGONA;9;CATALUÑA;43840;30
RESIDENCIA SANTA TECLA PONENT;CALLE MENORCA 26;431482;Tarragona;43;TARRAGONA;9;CATALUÑA;43006;70
HOSPITAL UNIVERSITARI DE SANT JOAN DE REUS;AVENIDA JOSEP LAPORTE 2;431233;Reus;43;TARRAGONA;9;CATALUÑA;43204;313
SANATORIO SAN FRANCISCO DE BORJA FONTILLES;CARRETERA ORBA-VALL DE LAGUAR, KM 4 NUMERO S/N;31376;Vall de Laguar, la;3;ALICANTE;10;COMUNIDAD VALENCIANA;3791;96
HOSPITAL LA PEDRERA;PARTIDA PLANA EST 4;30633;Dénia;3;ALICANTE;10;COMUNIDAD VALENCIANA;3700;107
HOSPITAL SANT VICENT DEL RASPEIG;CALLE LILLO JUAN 137;31225;San Vicente del Raspeig/Sant Vicent del Raspeig;3;ALICANTE;10;COMUNIDAD VALENCIANA;3690;179
VITHAS HOSPITAL PERPETUO INTERNACIONAL;PLAZA DOCTOR GOMEZ ULLA 15;30149;Alicante/Alacant;3;ALICANTE;10;COMUNIDAD VALENCIANA;3013;103
CLINICA VISTAHERMOSA GRUPO HLA;AVENIDA DENIA 103;30149;Alicante/Alacant;3;ALICANTE;10;COMUNIDAD VALENCIANA;3015;106
HOSPITAL VIRGEN DE LOS LIRIOS;CALLE CARAMANXEL S/N;30092;Alcoy/Alcoi;3;ALICANTE;10;COMUNIDAD VALENCIANA;3804;305
HOSPITAL MARINA BAIXA DE LA VILA JOIOSA;AVENIDA ALCALDE EN JAUME BOTELLA MAYOR 7;31395;Villajoyosa/Vila Joiosa, la;3;ALICANTE;10;COMUNIDAD VALENCIANA;3570;270
HOSPITAL GENERAL UNIVERSITARIO DE ELCHE;CALLE CAMI ALMAZARA 11;30651;Elche/Elx;3;ALICANTE;10;COMUNIDAD VALENCIANA;3203;408
HOSPITAL CLINICA BENIDORM;AVENIDA ALFONSO PUCHADES 8;30319;Benidorm;3;ALICANTE;10;COMUNIDAD VALENCIANA;3501;163
HOSPITAL VEGA BAJA DE ORIHUELA;PARAJE CARRETERA ALMORADI S/N;30993;Orihuela;3;ALICANTE;10;COMUNIDAD VALENCIANA;3325;336
HOSPITAL QUIRONSALUD TORREVIEJA;PARTIDA DE LA LOMA S/N;31339;Torrevieja;3;ALICANTE;10;COMUNIDAD VALENCIANA;3184;132
HOSPITAL IMED LEVANTE;CALLE DR SANTIAGO RAMON Y CAJAL 7;30319;Benidorm;3;ALICANTE;10;COMUNIDAD VALENCIANA;3503;100
HOSPITAL PSIQUIATRICO PENITENCIARIO DE FONTCALENT;COMPLEJO CENTRO PENITENC. FONTCALEN 1;30149;Alicante/Alacant;3;ALICANTE;10;COMUNIDAD VALENCIANA;3113;432
HOSPITAL SAN CARLOS DE DENIA GRUPO HLA;PARTIDA MADRIGUERES SUD 8;30633;Dénia;3;ALICANTE;10;COMUNIDAD VALENCIANA;3700;31
HOSPITAL GENERAL UNIVERSITARIO DE ELDA-VIRGEN DE LA SALUD;CARRETERA SAX S/N;30664;Elda;3;ALICANTE;10;COMUNIDAD VALENCIANA;3600;513
HOSPITAL GENERAL UNIVERSITARIO DE ALICANTE;AVENIDA PINTOR BAEZA 12;30149;Alicante/Alacant;3;ALICANTE;10;COMUNIDAD VALENCIANA;3010;807
HOSPITAL UNIVERSITARIO DE TORREVIEJA;CARRETERA CARRETERA CV 95 S. MIGUEL SALINAS-TORREVIEJA PDA. LA CEÑUELA S/N;31339;Torrevieja;3;ALICANTE;10;COMUNIDAD VALENCIANA;3186;269
HOSPITAL  MEDIMAR INTERNACIONAL;AVENIDA DENIA 78;30149;Alicante/Alacant;3;ALICANTE;10;COMUNIDAD VALENCIANA;3016;66
HOSPITAL UNIVERSITARIO SAN JUAN DE ALICANTE;CARRETERA C.NAL. 332, ALICANTE-VALENCIA S/N;31199;Sant Joan d'Alacant;3;ALICANTE;10;COMUNIDAD VALENCIANA;3550;396
HOSPITAL DE DENIA;CALLE BENIADLA S/N;30633;Dénia;3;ALICANTE;10;COMUNIDAD VALENCIANA;3700;266
CENTRO DE REHABILITACION NEUROLOGICA CASAVERDE;CALLE PONENT 15;30909;Mutxamel;3;ALICANTE;10;COMUNIDAD VALENCIANA;3110;40
HOSPITAL UNIVERSITARIO VINALOPO;CALLE TONICO SANSANO MORA 14;30651;Elche/Elx;3;ALICANTE;10;COMUNIDAD VALENCIANA;3293;214
HOSPITAL IMED ELCHE;CALLE MAX PLANCK S/N;30651;Elche/Elx;3;ALICANTE;10;COMUNIDAD VALENCIANA;3203;98
HOSPITAL UNIVERSITARIO DE LA PLANA;CARRETERA VILA-REAL A BORRIANA KM 0,5;121359;Vila-real;12;CASTELLÓN;10;COMUNIDAD VALENCIANA;12540;258
HOSPITAL GENERAL UNIVERSITARIO DE CASTELLON;AVENIDA BENICASIM S/N;120402;Castelló de la Plana;12;CASTELLÓN;10;COMUNIDAD VALENCIANA;12004;521
HOSPITAL LA MAGDALENA;CAMINO COLLET 32;120402;Castelló de la Plana;12;CASTELLÓN;10;COMUNIDAD VALENCIANA;12004;128
CONSORCIO HOSPITALARIO PROVINCIAL DE CASTELLON;AVENIDA DOCTOR CLARA 19;120402;Castelló de la Plana;12;CASTELLÓN;10;COMUNIDAD VALENCIANA;12002;257
HOSPITAL REY D. JAIME;CALLE MARIA ROSA MOLAS 25;120402;Castelló de la Plana;12;CASTELLÓN;10;COMUNIDAD VALENCIANA;12004;96
INSTITUTO DE TRAUMATOLOGIA DE UNION DE MUTUAS (MATEPSS Nº 267);AVENIDA VIRGEN DE LIDON 67;120402;Castelló de la Plana;12;CASTELLÓN;10;COMUNIDAD VALENCIANA;12004;28
HOSPITAL COMARCAL DE VINAROS;AVENIDA GIL DE ATROCILLO S/N;121384;Vinaròs;12;CASTELLÓN;10;COMUNIDAD VALENCIANA;12500;174
CENTRO MEDICALIZADO CENTRO DE TECNIFICACION DEPORTIVA VILA-REAL;TRAVESIA CAMI BETXI 65;121359;Vila-real;12;CASTELLÓN;10;COMUNIDAD VALENCIANA;12540;36
CONSORCIO HOSPITAL GENERAL UNIVERSITARIO DE VALENCIA;AVENIDA TRES CRUCES 2;462508;València;46;VALENCIA;10;COMUNIDAD VALENCIANA;46014;546
HOSPITAL 9 DE OCTUBRE;CALLE VALLE DE LA BALLESTERA 59;462508;València;46;VALENCIA;10;COMUNIDAD VALENCIANA;46015;300
HOSPITAL FRANCESC DE BORJA DE GANDIA;AVENIDA MEDICINA (DE LA) 6;461311;Gandia;46;VALENCIA;10;COMUNIDAD VALENCIANA;46702;285
HOSPITAL DE CRONICOS DE MISLATA (ANTIGUO HOSPITAL MILITAR DE VALENCIA);CALLE DOLORES IBARRURI 1;461691;Mislata;46;VALENCIA;10;COMUNIDAD VALENCIANA;46920;38
CASA DE REPOSO SAN ONOFRE;AVENIDA JOAN PESET 31;461350;Godella;46;VALENCIA;10;COMUNIDAD VALENCIANA;46110;76
HOSPITAL GENERAL DE REQUENA;CALLE CASABLANCA S/N;462135;Requena;46;VALENCIA;10;COMUNIDAD VALENCIANA;46340;113
FUNDACION INSTITUTO VALENCIANO DE ONCOLOGIA;CALLE PROFESOR BELTRAN BAGUENA 8;462508;València;46;VALENCIA;10;COMUNIDAD VALENCIANA;46009;160
HOSPITAL UNIVERSITARIO DR. PESET ALEIXANDRE;AVENIDA GASPAR AGUILAR 90;462508;València;46;VALENCIA;10;COMUNIDAD VALENCIANA;46017;539
HOSPITAL CLINICO UNIVERSITARIO DE VALENCIA;AVENIDA BLASCO IBAÑEZ 17;462508;València;46;VALENCIA;10;COMUNIDAD VALENCIANA;46010;582
HOSPITAL VIRGEN DEL CONSUELO;CALLE CALLOSA D'EN SARRIA 12;462508;València;46;VALENCIA;10;COMUNIDAD VALENCIANA;46007;156
HOSPITAL LLUIS ALCANYIS DE XATIVA;CARRETERA XATIVA-SILLA KM. 2;461458;Xàtiva;46;VALENCIA;10;COMUNIDAD VALENCIANA;46800;273
HOSPITAL UNIVERSITARIO Y POLITECNICO LA FE;AVENIDA FERNANDO ABRIL MARTORELL 106;462508;València;46;VALENCIA;10;COMUNIDAD VALENCIANA;46026;1000
HOSPITAL DE SAGUNTO;CALLE RAMON Y CAJAL 46;462205;Sagunto/Sagunt;46;VALENCIA;10;COMUNIDAD VALENCIANA;46520;252
HOSPITAL NISA AGUAS VIVAS;URBANIZACION VALL D'AIGUES VIVES, DE LA S/N;460832;Carcaixent;46;VALENCIA;10;COMUNIDAD VALENCIANA;46740;96
HOSPITAL IMED GANDIA;CALLE DAIMUS 26;461311;Gandia;46;VALENCIA;10;COMUNIDAD VALENCIANA;46701;12
HOSPITAL INTERMUTUAL DE LEVANTE;CARRETERA CTRA VALENCIA-ADEMUZ KM 11,700;469030;San Antonio de Benagéber;46;VALENCIA;10;COMUNIDAD VALENCIANA;46184;230
HOSPITAL QUIRONSALUD VALENCIA;AVENIDA BLASCO IBAÑEZ 14;462508;València;46;VALENCIA;10;COMUNIDAD VALENCIANA;46010;88
HOSPITAL UNIVERSITARIO DE LA RIBERA;CARRETERA CORBERA 1;460174;Alzira;46;VALENCIA;10;COMUNIDAD VALENCIANA;46600;364
HOSPITAL DOCTOR MOLINER;CALLE PORTA COELI S/N;462286;Serra;46;VALENCIA;10;COMUNIDAD VALENCIANA;46118;179
HOSPITAL CATOLICO CASA DE SALUD;CALLE DOCTOR MANUEL CANDELA 41;462508;València;46;VALENCIA;10;COMUNIDAD VALENCIANA;46021;192
HOSPITAL PARE JOFRE;CALLE SAN LAZARO S/N;462508;València;46;VALENCIA;10;COMUNIDAD VALENCIANA;46017;125
HOSPITAL GENERAL DE ONTINYENT;AVENIDA DE FRANCISCO CERDA 3;461846;Ontinyent;46;VALENCIA;10;COMUNIDAD VALENCIANA;46870;56
HOSPITAL PSIQUIATRICO PROVINCIAL;CARRETERA BURJASSOT - TORRES TORRES KM 9;460706;Bétera;46;VALENCIA;10;COMUNIDAD VALENCIANA;46117;80
HOSPITAL ARNAU DE VILANOVA;CALLE SAN CLEMENTE 12;462508;València;46;VALENCIA;10;COMUNIDAD VALENCIANA;46015;282
HOSPITAL DE MANISES;AVENIDA GENERALITAT VALENCIANA 50;461593;Manises;46;VALENCIA;10;COMUNIDAD VALENCIANA;46940;354
UNIDAD DE DESINTOXICACION HOSPITALARIA;CALLE CTRA. ALZIRA-TAVERNES DE V. CV50;460832;Carcaixent;46;VALENCIA;10;COMUNIDAD VALENCIANA;46740;16
HOSPITAL DE LLIRIA;PARAJE PARATGE CABEÇO DE L'AGUILA, CV 35 S/N;461477;Llíria;46;VALENCIA;10;COMUNIDAD VALENCIANA;46160;92
IMED VALENCIA;CALLE FERROCARRIL 57;460787;Burjassot;46;VALENCIA;10;COMUNIDAD VALENCIANA;46100;207
CLINICA IMSKE;CALLE SUIZA S/N;462508;València;46;VALENCIA;10;COMUNIDAD VALENCIANA;46024;18
CENTRO HABILITADO ERNEST LLUCH;AVENIDA CAMPANAR 66;462508;València;46;VALENCIA;10;COMUNIDAD VALENCIANA;46015;165
HOSPITAL UNIVERSITARIO DE BADAJOZ;AVENIDA ELVAS 0;60153;Badajoz;6;BADAJOZ;11;EXTREMADURA;6006;529
HOSPITAL MATERNO-INFANTIL;CALLE VIOLETA 1;60153;Badajoz;6;BADAJOZ;11;EXTREMADURA;6010;225
HOSPITAL PARQUE VEGAS ALTAS;AVENIDA MADRID 1;60444;Don Benito;6;BADAJOZ;11;EXTREMADURA;6400;21
RIBERA SALUD INFRAESTRUCTURAS S.L.U;PASEO PIEDAD 5;60114;Almendralejo;6;BADAJOZ;11;EXTREMADURA;6200;105
HOSPITAL DON BENITO-VILLANUEVA DE LA SERENA;CARRETERA DON BENITO VILLANUEVA 0;60444;Don Benito;6;BADAJOZ;11;EXTREMADURA;6400;292
HOSPITAL GENERAL DE LLERENA;AVENIDA BADAJOZ 1;60747;Llerena;6;BADAJOZ;11;EXTREMADURA;6900;138
HOSPITAL DE MERIDA;AVENIDA DON ANTONIO CAMPOS HOYOS 26;60830;Mérida;6;BADAJOZ;11;EXTREMADURA;6800;331
CENTRO SOCIOSANITARIO DE MERIDA;CARRETERA VALVERDE 0;60830;Mérida;6;BADAJOZ;11;EXTREMADURA;6800;296
RIBERA SALUD-HOSPITAL SANTA JUSTA;CALLE CONCEPCION 24;61535;Villanueva de la Serena;6;BADAJOZ;11;EXTREMADURA;6700;29
HOSPITAL QUIRONSALUD CLIDEBA;CALLE ELADIO SALINERO DE LOS SANTOS 6;60153;Badajoz;6;BADAJOZ;11;EXTREMADURA;6011;76
HOSPITAL DE ZAFRA;CARRETERA BADAJOZ GRANADA 0;61588;Zafra;6;BADAJOZ;11;EXTREMADURA;6300;91
HOSPITAL PERPETUO SOCORRO;AVENIDA DAMIAN TELLEZ LAFUENTE 0;60153;Badajoz;6;BADAJOZ;11;EXTREMADURA;6010;282
HOSPITAL SIBERIA-SERENA;CARRETERA TALARRUBIAS-AGUDO   KM 2 0;61279;Talarrubias;6;BADAJOZ;11;EXTREMADURA;6640;43
HOSPITAL TIERRA DE BARROS;CARRETERA NACIONAL 630 0;60114;Almendralejo;6;BADAJOZ;11;EXTREMADURA;6200;50
CASAVERDE CENTRO DE REHABILITACION NEUROLOGICO DE EXTREMADURA S.L.;AVENIDA ADOLFO SUAREZ 56;60830;Mérida;6;BADAJOZ;11;EXTREMADURA;6800;100
HOSPITAL SAN PEDRO DE ALCANTARA;AVENIDA PABLO NARANJO PORRAS 0;100377;Cáceres;10;CÁCERES;11;EXTREMADURA;10005;419
HOSPITAL PROVINCIAL NUESTRA SEÑORA DE LA MONTAÑA;AVENIDA DE ESPAÑA 1;100377;Cáceres;10;CÁCERES;11;EXTREMADURA;10004;116
HOSPITAL CIUDAD DE CORIA;CALLE CERVANTES 75;100670;Coria;10;CÁCERES;11;EXTREMADURA;10800;108
HOSPITAL CAMPO ARAÑUELO;CALLE TOMAS YUSTE MIRON 0;101318;Navalmoral de la Mata;10;CÁCERES;11;EXTREMADURA;10300;99
HOSPITAL VIRGEN DEL PUERTO;FINCA VALCORCHERO 2;101480;Plasencia;10;CÁCERES;11;EXTREMADURA;10600;275
CENTRO SOCIOSANITARIO DE PLASENCIA;CARRETERA CACERES 0;101480;Plasencia;10;CÁCERES;11;EXTREMADURA;10600;350
HOSPITAL QUIRONSALUD CACERES;AVENIDA DE LA UNIVERSIDAD 5;100377;Cáceres;10;CÁCERES;11;EXTREMADURA;10004;26
CLINICA SOQUIMEX;AVENIDA LA SALLE 22;101480;Plasencia;10;CÁCERES;11;EXTREMADURA;10600;20
CLINICA SAN FRANCISCO CLINICA QUIRURGICA CACEREÑA;RONDA DE SAN FRANCISCO 0;100377;Cáceres;10;CÁCERES;11;EXTREMADURA;10005;33
HOSPITAL UNIVERSITARIO DE CACERES;AVENIDA DE LA UNIVERSIDAD 75;100377;Cáceres;10;CÁCERES;11;EXTREMADURA;10004;269
SANATORIO LA ROBLEDA;LUGAR SANTISO S/N;150660;Pino, O;15;A CORUÑA;12;GALICIA;15821;96
COMPLEXO HOSPITALARIO UNIVERSITARIO A CORUÑA;LUGAR JUBIAS DE ARRIBA 84;150308;Coruña, A;15;A CORUÑA;12;GALICIA;15006;1341
CENTRO ONCOLOXICO DE GALICIA;CALLE DOCTOR CAMILO VEIRAS 1;150308;Coruña, A;15;A CORUÑA;12;GALICIA;15009;56
HOSPITAL QUIRONSALUD A CORUÑA;CALLE LONDRES 2;150308;Coruña, A;15;A CORUÑA;12;GALICIA;15009;127
HOSPITAL SAN RAFAEL;LUGAR JUBIAS DE ARRIBA 82;150308;Coruña, A;15;A CORUÑA;12;GALICIA;15006;120
HM MODELO-BELEN;CALLE VIRREY OSORIO 30;150308;Coruña, A;15;A CORUÑA;12;GALICIA;15011;146
COMPLEXO HOSPITALARIO UNIVERSITARIO DE FERROL;AVENIDA RESIDENCIA S/N;150367;Ferrol;15;A CORUÑA;12;GALICIA;15405;457
HOSPITAL JUAN CARDONA;CALLE PARDO BAZAN S/N;150367;Ferrol;15;A CORUÑA;12;GALICIA;15406;150
COMPLEXO HOSPITALARIO UNIVERSITARIO DE SANTIAGO;CALLE CHOUPANA (DA) S/N;150780;Santiago de Compostela;15;A CORUÑA;12;GALICIA;15706;1395
HOSPITAL HM ROSALEDA - HM LA ESPERANZA;CALLE SANTIAGO LEON DE CARACAS (DE) 1;150780;Santiago de Compostela;15;A CORUÑA;12;GALICIA;15701;119
HOSPITAL PUBLICO DA BARBANZA;LUGAR SALMON S/N;150737;Ribeira;15;A CORUÑA;12;GALICIA;15993;81
HOSPITAL PUBLICO VIRXE DA XUNQUEIRA;PASEO ALCALDE PEPE SANCHEZ 7;150238;Cee;15;A CORUÑA;12;GALICIA;15270;74
COMPLEXO HOSPITALARIO UNIVERSITARIO DE LUGO;CALLE ULISES ROMERO 1;270288;Lugo;27;LUGO;12;GALICIA;27003;848
HOSPITAL PUBLICO DA MARIÑA;CALLE MEDICO VIOR S/N;279024;Burela;27;LUGO;12;GALICIA;27880;139
HOSPITAL PUBLICO DE MONFORTE;CALLE CORREDOIRA S/N;270312;Monforte de Lemos;27;LUGO;12;GALICIA;27400;140
HOSPITAL POLUSA;CALLE DOUTOR IGLESIAS OTERO S/N;270288;Lugo;27;LUGO;12;GALICIA;27004;97
SANATORIO NOSA SEÑORA DOS OLLOS GRANDES;CALLE MONTEVIDEO 23;270288;Lugo;27;LUGO;12;GALICIA;27001;69
COMPLEXO HOSPITALARIO UNIVERSITARIO DE OURENSE;CALLE RAMON PUGA 52;320548;Ourense;32;OURENSE;12;GALICIA;32005;869
HOSPITAL PUBLICO DE VALDEORRAS;AVENIDA CONDE DE FENOSA 50;320090;Barco de Valdeorras, O;32;OURENSE;12;GALICIA;32300;100
HOSPITAL PUBLICO DE VERIN;CARRETERA LAZA (DE) S/N;320855;Verín;32;OURENSE;12;GALICIA;32600;80
CENTRO MEDICO EL CARMEN;AVENIDA HABANA (DE LA) 50;320548;Ourense;32;OURENSE;12;GALICIA;32003;43
CLINICA SANTA TERESA;CALLE SAENZ DIEZ 11;320548;Ourense;32;OURENSE;12;GALICIA;32003;49
HOSPITAL POVISA;CALLE SALAMANCA 5;360577;Vigo;36;PONTEVEDRA;12;GALICIA;36211;573
COMPLEXO HOSPITALARIO UNIVERSITARIO DE PONTEVEDRA;CALLE MOURENTE S/N;360388;Pontevedra;36;PONTEVEDRA;12;GALICIA;36071;605
GRUPO QUIRONSALUD PONTEVEDRA;CALLE FRAY JUAN NAVARRETE 9;360388;Pontevedra;36;PONTEVEDRA;12;GALICIA;36001;127
HESTIA SANTA MARIA;AVENIDA SANTA MARIA (DE) 9;360388;Pontevedra;36;PONTEVEDRA;12;GALICIA;36002;70
VITHAS HOSPITAL NOSA SEÑORA DE FATIMA;CALLE VIA NORTE 48;360577;Vigo;36;PONTEVEDRA;12;GALICIA;36206;200
SANATORIO PSIQUIATRICO SAN JOSE;CALLE TOMAS A ALONSO 89;360577;Vigo;36;PONTEVEDRA;12;GALICIA;36208;48
CENTRO MEDICO PINTADO;AVENIDA HISPANIDADE 40;360577;Vigo;36;PONTEVEDRA;12;GALICIA;36203;12
FREMAP, HOSPITAL DE VIGO;CALLE FELICIANO ROLAN 12;360577;Vigo;36;PONTEVEDRA;12;GALICIA;36203;17
CLINICA RESIDENCIA EL PINAR;CARRETERA VELLA MADRID 120;360577;Vigo;36;PONTEVEDRA;12;GALICIA;36214;84
CONCHEIRO CENTRO MEDICO QUIRURGICO;AVENIDA MADRID 4;360577;Vigo;36;PONTEVEDRA;12;GALICIA;36204;40
HOSPITAL PUBLICO DO SALNES;CALLE HOSPITAL DO SALNES 30;360600;Vilagarcía de Arousa;36;PONTEVEDRA;12;GALICIA;36619;122
COMPLEXO HOSPITALARIO UNIVERSITARIO DE VIGO;CARRETERA CLARA CAMPOAMOR 341;360577;Vigo;36;PONTEVEDRA;12;GALICIA;36312;1273
FREMAP HOSPITAL MAJADAHONDA;CARRETERA M-515 (POZUELO) 61;280800;Majadahonda;28;MADRID;13;MADRID;28220;116
CENTRO SAN JUAN DE DIOS CIEMPOZUELOS;AVENIDA DE SAN JUAN DE DIOS 1;280409;Ciempozuelos;28;MADRID;13;MADRID;28350;339
HOSPITAL FUENSANTA;CALLE DE ARTURO SORIA 17;280796;Madrid;28;MADRID;13;MADRID;28027;30
CLINICA LA LUZ, S.L.;CALLE DEL MAESTRO ANGEL LLORCA 8;280796;Madrid;28;MADRID;13;MADRID;28003;180
HOSPITAL UNIVERSITARIO LA ZARZUELA;CALLE DE PLEYADES 25;280796;Madrid;28;MADRID;13;MADRID;28023;116
HOSPITAL UNIVERSITARIO FUNDACION JIMENEZ DIAZ;AVENIDA DE LOS REYES CATOLICOS 2;280796;Madrid;28;MADRID;13;MADRID;28040;660
HOSPITAL NUESTRA SEÑORA DE AMERICA;CALLE DE ARTURO SORIA 103-105-107;280796;Madrid;28;MADRID;13;MADRID;28043;100
HOSPITAL HM NUEVO BELEN;CALLE DE JOSE SILVA 7;280796;Madrid;28;MADRID;13;MADRID;28043;60
HOSPITAL RUBER JUAN BRAVO;CALLE DE JUAN BRAVO 49;280796;Madrid;28;MADRID;13;MADRID;28006;163
HOSPITAL SAN CAMILO;CALLE DE JUAN BRAVO 39;280796;Madrid;28;MADRID;13;MADRID;28006;70
CLINICA SANTA ELENA;CALLE DE LA GRANJA 8;280796;Madrid;28;MADRID;13;MADRID;28003;76
HOSPITAL CARLOS III;CALLE DE SINESIO DELGADO 8-10;280796;Madrid;28;MADRID;13;MADRID;28029;90
HOSPITAL UNIVERSITARIO 12 DE OCTUBRE;AVENIDA DE CORDOBA S/N;280796;Madrid;28;MADRID;13;MADRID;28041;1196
HOSPITAL BEATA MARIA ANA;CALLE DEL DOCTOR ESQUERDO 83;280796;Madrid;28;MADRID;13;MADRID;28007;160
HOSPITAL DE CANTOBLANCO;CARRETERA DE COLMENAR VIEJO K.14,8;280796;Madrid;28;MADRID;13;MADRID;28049;126
HOSPITAL CENTRAL DE LA CRUZ ROJA, SAN JOSE Y SANTA ADELA;AVENIDA DE LA REINA VICTORIA 22-26;280796;Madrid;28;MADRID;13;MADRID;28003;154
HOSPITAL EL ESCORIAL;CARRETERA DE M-600 (GUADARRAMA) KM.6,255;281317;San Lorenzo de El Escorial;28;MADRID;13;MADRID;28200;91
HOSPITAL DE LA FUENFRIA;CARRETERA DE DEHESAS S/N;280382;Cercedilla;28;MADRID;13;MADRID;28470;192
HOSPITAL UNIVERSITARIO DE LA PRINCESA;CALLE DE DIEGO DE LEON 62;280796;Madrid;28;MADRID;13;MADRID;28006;524
HOSPITAL DE LA V.O.T. DE SAN FRANCISCO DE ASIS;CALLE DE SAN BERNABE 13;280796;Madrid;28;MADRID;13;MADRID;28005;72
HOSPITAL UNIVERSITARIO HM MADRID;PLAZA DEL CONDE DEL VALLE DE SUCHIL 16;280796;Madrid;28;MADRID;13;MADRID;28015;99
HOSPITAL UNIVERSITARIO DE MOSTOLES;CALLE RIO JUCAR S/N;280920;Móstoles;28;MADRID;13;MADRID;28935;332
HOSPITAL GENERAL UNIVERSITARIO GREGORIO MARAÑON;CALLE DEL DOCTOR ESQUERDO 46;280796;Madrid;28;MADRID;13;MADRID;28009;1253
HOSPITAL INFANTIL UNIVERSITARIO NIÑO JESUS;AVENIDA DE MENENDEZ PELAYO 65;280796;Madrid;28;MADRID;13;MADRID;28009;170
FUNDACION INSTITUTO SAN JOSE;CALLE DEL PINAR DE SAN JOSE 98;280796;Madrid;28;MADRID;13;MADRID;28054;259
HOSPITAL RUBER INTERNACIONAL;CALLE DE LA MASO 38;280796;Madrid;28;MADRID;13;MADRID;28034;143
HOSPITAL UNIVERSITARIO LA PAZ;PASEO DE LA CASTELLANA 261;280796;Madrid;28;MADRID;13;MADRID;28046;1052
HOSPITAL ASEPEYO MADRID;CALLE DE JOAQUIN DE CARDENAS 2;280493;Coslada;28;MADRID;13;MADRID;28823;133
HOSPITAL DE GUADARRAMA;PASEO MOLINO DEL REY 2;280685;Guadarrama;28;MADRID;13;MADRID;28440;144
HOSPITAL UNIVERSITARIO PRINCIPE DE ASTURIAS;CARRETERA DE MECO S/N;280053;Alcalá de Henares;28;MADRID;13;MADRID;28805;507
HOSPITAL VIRGEN DE LA POVEDA;CARRETERA M-952 (ACCESO AL HOSPITAL) KM.5;281718;Villa del Prado;28;MADRID;13;MADRID;28630;202
HOSPITAL PSIQUIATRICO DOCTOR RODRIGUEZ LAFORA;CARRETERA DE COLMENAR VIEJO K.13,8;280796;Madrid;28;MADRID;13;MADRID;28049;334
COMPLEJO ASISTENCIAL BENITO MENNI;CALLE DE LOS JARDINES 1;280409;Ciempozuelos;28;MADRID;13;MADRID;28350;318
HOSPITAL UNIVERSITARIO RAMON Y CAJAL;CARRETERA DE COLMENAR VIEJO KM.9,1;280796;Madrid;28;MADRID;13;MADRID;28034;901
HOSPITAL SAN RAFAEL;CALLE DE SERRANO 199;280796;Madrid;28;MADRID;13;MADRID;28016;188
HOSPITAL UNIVERSITARIO SANTA CRISTINA;CALLE DE O'DONNELL 59;280796;Madrid;28;MADRID;13;MADRID;28009;156
HOSPITAL UNIVERSITARIO SEVERO OCHOA;AVENIDA ORELLANA S/N;280745;Leganés;28;MADRID;13;MADRID;28911;386
HOSPITAL UNIVERSITARIO CLINICO SAN CARLOS;CALLE DEL PROFESOR MARTIN LAGOS S/N;280796;Madrid;28;MADRID;13;MADRID;28040;861
HOSPITAL VIRGEN DE LA TORRE;CALLE DEL PUERTO DE LUMBRERAS 5;280796;Madrid;28;MADRID;13;MADRID;28031;92
CLINICA LOPEZ IBOR;CALLE DEL DOCTOR JUAN JOSE LOPEZ IBOR 2;280796;Madrid;28;MADRID;13;MADRID;28035;67
INSTITUTO PROVINCIAL DE REHABILITACION;CALLE DE FRANCISCO SILVELA 40;280796;Madrid;28;MADRID;13;MADRID;28028;96
INSTITUTO PSIQUIATRICO SERVICIOS DE SALUD MENTAL JOSE GERMAIN - 1 LUNA;CALLE LUNA 1;280745;Leganés;28;MADRID;13;MADRID;28911;42
CLINICA NUESTRA SEÑORA DE LA PAZ;CALLE DE LOPEZ DE HOYOS 259;280796;Madrid;28;MADRID;13;MADRID;28043;99
CLINICA SAN MIGUEL;CALLE DE ARTURO SORIA 204;280796;Madrid;28;MADRID;13;MADRID;28043;94
SANATORIO ESQUERDO, S.A.;AVENIDA DE LOS POBLADOS 70;280796;Madrid;28;MADRID;13;MADRID;28044;115
HOSPITAL LA MILAGROSA S.A.;CALLE DE MODESTO LAFUENTE 14;280796;Madrid;28;MADRID;13;MADRID;28010;171
CLINICA DR. LEON;PLAZA DE MARIANO DE CAVIA 3;280796;Madrid;28;MADRID;13;MADRID;28007;96
HOSPITAL UNIVERSITARIO VIRGEN DE LA PALOMA, S.L.;CALLE DE LA LOMA 1;280796;Madrid;28;MADRID;13;MADRID;28003;92
SANATORIO NUESTRA SEÑORA DEL ROSARIO;CALLE DEL PRINCIPE DE VERGARA 53;280796;Madrid;28;MADRID;13;MADRID;28006;176
HOSPITAL VIRGEN DEL MAR;CALLE DE HONDURAS 14;280796;Madrid;28;MADRID;13;MADRID;28016;76
HOSPITAL SAN FRANCISCO DE ASIS;CALLE DE JOAQUIN COSTA 28;280796;Madrid;28;MADRID;13;MADRID;28002;168
HOSPITAL QUIRONSALUD SAN JOSE;CALLE DE CARTAGENA 111;280796;Madrid;28;MADRID;13;MADRID;28002;84
CLINICA SEAR;CARRETERA DE COLMENAR VIEJO KM.16;280796;Madrid;28;MADRID;13;MADRID;28049;250
HOSPITAL UNIVERSITARIO DE GETAFE;CARRETERA DE MADRID-TOLEDO KM.12,500;280650;Getafe;28;MADRID;13;MADRID;28905;510
CLINICA ISADORA S.A.;CALLE DE LOS PIRINEOS 7;280796;Madrid;28;MADRID;13;MADRID;28040;19
HOSPITAL HLA UNIVERSITARIO MONCLOA;AVENIDA DE VALLADOLID 83;280796;Madrid;28;MADRID;13;MADRID;28008;235
CLINICA CEMTRO;AVENIDA DEL VENTISQUERO DE LA CONDESA 42;280796;Madrid;28;MADRID;13;MADRID;28035;94
HOSPITAL UNIVERSITARIO FUNDACION ALCORCON;CALLE BUDAPEST 1;280072;Alcorcón;28;MADRID;13;MADRID;28922;400
HOSPITAL UNIVERSITARIO HM MONTEPRINCIPE;AVENIDA DE MONTEPRINCIPE 25;280225;Boadilla del Monte;28;MADRID;13;MADRID;28660;170
HOSPITAL MD ANDERSON CANCER CENTER MADRID;CALLE DE GOMEZ HEMANS 2;280796;Madrid;28;MADRID;13;MADRID;28033;99
HOSPITAL QUIRONSALUD SUR;CALLE DE ESTAMBUL 30;280072;Alcorcón;28;MADRID;13;MADRID;28922;81
HOSPITAL UNIVERSITARIO DE FUENLABRADA;CAMINO DEL MOLINO 2;280587;Fuenlabrada;28;MADRID;13;MADRID;28942;406
HOSPITAL UNIVERSITARIO HM TORRELODONES;AVENIDA CASTILLO DE OLIVARES S/N;281527;Torrelodones;28;MADRID;13;MADRID;28250;86
HOSPITAL LOS MADROÑOS;CARRETERA DE M-501 (DE ALCORCON A PLASENCIA) KM.17,900;280262;Brunete;28;MADRID;13;MADRID;28690;53
HOSPITAL UNIVERSITARIO LA MORALEJA;AVENIDA DE FRANCISCO PI Y MARGALL 81;280796;Madrid;28;MADRID;13;MADRID;28050;126
HOSPITAL UNIVERSITARIO QUIRONSALUD MADRID;CALLE DIEGO DE VELAZQUEZ 1;281150;Pozuelo de Alarcón;28;MADRID;13;MADRID;28223;280
HOSPITAL PARDO DE ARAVACA;CALLE DE LA SALLE 12;280796;Madrid;28;MADRID;13;MADRID;28023;98
HOSPITAL UNIVERSITARIO HM SANCHINARRO;CALLE DE OÑA 10;280796;Madrid;28;MADRID;13;MADRID;28050;198
HOSPITAL CENTRO DE CUIDADOS LAGUNA;CALLE DEL CONCEJAL FRANCISCO JOSE JIMENEZ MARTIN 128;280796;Madrid;28;MADRID;13;MADRID;28047;47
HOSPITAL UNIVERSITARIO INFANTA ELENA;AVENIDA REYES CATOLICOS 21;281610;Valdemoro;28;MADRID;13;MADRID;28342;158
EMPRESA PUBLICA HOSPITAL DEL HENARES;AVENIDA MARIE CURIE S/N;280493;Coslada;28;MADRID;13;MADRID;28822;243
HOSPITAL UNIVERSITARIO INFANTA SOFIA;PASEO EUROPA 34;281343;San Sebastián de los Reyes;28;MADRID;13;MADRID;28702;271
EMPRESA PUBLICA HOSPITAL DEL SUR HOSPITAL INFANTA CRISTINA;PASEO CASTELLANA 83;280796;Madrid;28;MADRID;13;MADRID;28046;188
HOSPITAL DEL TAJO S.A.;AVENIDA AMAZONAS CENTRAL S/N;280133;Aranjuez;28;MADRID;13;MADRID;28300;99
HOSPITAL UNIVERSITARIO DEL SURESTE - EMPRESA PUBLICA HOSPTIAL DEL SURESTE;RONDA DEL SUR 10;280148;Arganda del Rey;28;MADRID;13;MADRID;28500;132
HOSPITAL UNIVERSITARIO INFANTA LEONOR;AVENIDA DE LA GRAN VIA DEL ESTE 80;280796;Madrid;28;MADRID;13;MADRID;28031;269
HOSPITAL UNIVERSITARIO PUERTA DE HIERRO MAJADAHONDA;CALLE MANUEL DE FALLA 1;280800;Majadahonda;28;MADRID;13;MADRID;28222;613
CASTA SALUD, S.L.U.;CARRETERA DE LA CORUÑA KM.50,300;280685;Guadarrama;28;MADRID;13;MADRID;28440;144
HOSPITAL UNIVERSITARIO DE TORREJON;CALLE MATEO INURRIA 1;281489;Torrejón de Ardoz;28;MADRID;13;MADRID;28850;250
HOSPITAL UNIVERSITARIO REY JUAN CARLOS;CALLE GLADIOLO S/N;280920;Móstoles;28;MADRID;13;MADRID;28933;364
HOSPITAL GENERAL DE VILLALBA;CARRETERA DE ALPEDRETE M-608, KM. 41;280474;Collado Villalba;28;MADRID;13;MADRID;28400;209
HOSPITAL UNIVERSITARIO HM PUERTA DEL SUR;AVENIDA DE CARLOS V 70;280920;Móstoles;28;MADRID;13;MADRID;28938;182
HOSPITAL CASAVERDE MADRID;CALLE DON JOSE MARIA LOPEZ MALLA 3;280967;Navalcarnero;28;MADRID;13;MADRID;28600;100
HOSPITAL CENTRAL DE LA DEFENSA EN MADRID;GLORIETA DEL EJERCITO S/N S/N;280796;Madrid;28;MADRID;13;MADRID;28047;500
CLINICA UNIVERSIDAD DE NAVARRA;CALLE DEL MARQUESADO DE SANTA MARTA 1;280796;Madrid;28;MADRID;13;MADRID;28022;72
CLINICA SAN VICENTE;AVENIDA DEL VENTISQUERO DE LA CONDESA 46;280796;Madrid;28;MADRID;13;MADRID;28035;45
HOSPITAL HM VALLES;CALLE SANTIAGO 14;280053;Alcalá de Henares;28;MADRID;13;MADRID;28801;20
INSTITUTO PSIQUIATRICO SERVICIOS DE SALUD MENTAL JOSE GERMAIN - 2 ARAGON;CALLE ARAGON 17;280745;Leganés;28;MADRID;13;MADRID;28913;136
FRATERNIDAD MUPRESPA, MUTUA COLABORADORA CON LA SEGURIDAD SOCIAL Nº 275;PASEO DE LA HABANA 83;280796;Madrid;28;MADRID;13;MADRID;28036;50
ITA CLINIC BCN, S.L.;CALLE FAUSTO ELHUYAR 9;280053;Alcalá de Henares;28;MADRID;13;MADRID;28806;74
SERVICIO MADRILEÑO DE SALUD;AVENIDA DE MANUEL FRAGA IRIBARNE 2;280796;Madrid;28;MADRID;13;MADRID;28055;1008
HOSPITAL NTRA. SRA. DEL PERPETUO SOCORRO;CALLE SEBASTIAN FERINGAN 12;300161;Cartagena;30;MURCIA;14;REGIÓN DE MURCIA;30205;214
HOSPITAL DE MOLINA;CALLE ASOCIACION S/N;300275;Molina de Segura;30;MURCIA;14;REGIÓN DE MURCIA;30500;83
HOSPITAL MESA DEL CASTILLO;RONDA SUR 20;300308;Murcia;30;MURCIA;14;REGIÓN DE MURCIA;30010;76
CLINICA SAN FELIPE DEL MEDITERRANEO;FINCA EL MAYAYO 16;300308;Murcia;30;MURCIA;14;REGIÓN DE MURCIA;30120;62
HOSPITAL GENERAL UNIVERSITARIO REINA SOFIA;AVENIDA INTENDENTE JORGE PALACIOS 1;300308;Murcia;30;MURCIA;14;REGIÓN DE MURCIA;30003;339
HOSPITAL DE CUIDADOS MEDIOS VILLADEMAR;AVENIDA CONCEJAL MARIANO HENAREJOS 13;300367;San Pedro del Pinatar;30;MURCIA;14;REGIÓN DE MURCIA;30740;99
RESIDENCIA LOS ALMENDROS;PARAJE LOS PINOS S/N;300161;Cartagena;30;MURCIA;14;REGIÓN DE MURCIA;30396;60
HOSPITAL GENERAL UNIVERSITARIO SANTA LUCIA;CALLE MEZQUITA (PARAJE LOS ARCOS) S/N;300161;Cartagena;30;MURCIA;14;REGIÓN DE MURCIA;30202;603
HOSPITAL GENERAL UNIVERSITARIO LOS ARCOS DEL MAR MENOR;PARAJE TORRE OCTAVIO S/N;300354;San Javier;30;MURCIA;14;REGIÓN DE MURCIA;30739;255
HOSPITAL G. UNIVERSITARIO J.M. MORALES MESEGUER;AVENIDA MARQUES DE  LOS VELEZ 0;300308;Murcia;30;MURCIA;14;REGIÓN DE MURCIA;30008;394
HOSPITAL LA VEGA GRUPO HLA;CALLE DOCTOR ROMAN ALBERCA S/N;300308;Murcia;30;MURCIA;14;REGIÓN DE MURCIA;30008;123
SANTO Y REAL HOSPITAL DE CARIDAD;CAMINO BARRIO PERAL S/N;300161;Cartagena;30;MURCIA;14;REGIÓN DE MURCIA;30310;154
HOSPITAL QUIRONSALUD MURCIA;CALLE MIGUEL HERNANDEZ 12;300308;Murcia;30;MURCIA;14;REGIÓN DE MURCIA;30011;131
SANATORIO DR. MUÑOZ;CARRETERA CARTAGENA 59;300308;Murcia;30;MURCIA;14;REGIÓN DE MURCIA;30120;50
HOSPITAL  IBERMUTUAMUR - PATOLOGIA LABORAL;CALLE ANTONIO ROCAMORA 4;300308;Murcia;30;MURCIA;14;REGIÓN DE MURCIA;30100;26
HOSPITAL DE LA VEGA LORENZO GUIRAO;CARRETERA DE ABARAN S/N;300196;Cieza;30;MURCIA;14;REGIÓN DE MURCIA;30530;124
HOSPITAL VIRGEN DEL CASTILLO;AVENIDA DE LA FERIA S/N;300434;Yecla;30;MURCIA;14;REGIÓN DE MURCIA;30510;96
HOSPITAL CLINICO UNIVERSITARIO VIRGEN DE LA ARRIXACA;CARRETERA MADRID-CARTAGENA S/N;300308;Murcia;30;MURCIA;14;REGIÓN DE MURCIA;30120;920
HOSPITAL COMARCAL DEL NOROESTE;AVENIDA MIGUEL ESPINOSA S/N;300158;Caravaca de la Cruz;30;MURCIA;14;REGIÓN DE MURCIA;30400;103
HOSPITAL SANTA MARIA DEL ROSELL;PASEO ALFONSO  XIII 61;300161;Cartagena;30;MURCIA;14;REGIÓN DE MURCIA;30203;41
HOSPITAL RAFAEL MENDEZ;CARRETERA NACIONAL 340, KM 589 S/N;300243;Lorca;30;MURCIA;14;REGIÓN DE MURCIA;30817;287
HOSPITAL VIRGEN DEL ALCAZAR DE LORCA;ALAMEDA DE LOS TRISTES S/N;300243;Lorca;30;MURCIA;14;REGIÓN DE MURCIA;30800;175
CLINICA MEDICO-QUIRURGICA SAN JOSE;CALLE MAESTRA LOLA MESEGUER S/N;300050;Alcantarilla;30;MURCIA;14;REGIÓN DE MURCIA;30820;139
FUNDACION HOSPITAL REAL PIEDAD;PLAZA MESONCICO 3;300177;Cehegín;30;MURCIA;14;REGIÓN DE MURCIA;30430;40
HOSPITAL PSIQUIATRICO ROMAN ALBERCA;CALLE LORCA 58;300308;Murcia;30;MURCIA;14;REGIÓN DE MURCIA;30120;96
CLINICA DOCTOR BERNAL;CALLE DOCTOR ROBLES S/N;300158;Caravaca de la Cruz;30;MURCIA;14;REGIÓN DE MURCIA;30400;39
HOSPITAL C. M. VIRGEN DE LA CARIDAD CARTAGENA;CALLE JORGE JUAN 30;300161;Cartagena;30;MURCIA;14;REGIÓN DE MURCIA;30205;40
HOSPITAL PERPETUO SOCORRO ALAMEDA;CALLE ALAMEDA  SAN ANTON 6;300161;Cartagena;30;MURCIA;14;REGIÓN DE MURCIA;30205;93
HOSPITAL REINA SOFIA;CARRETERA TARAZONA KM. 3 -;312325;Tudela;31;NAVARRA;15;C. FORAL DE NAVARRA;31500;192
HOSPITAL GARCIA ORCOYEN;CALLE SANTA SORIA 22 -;310977;Estella-Lizarra;31;NAVARRA;15;C. FORAL DE NAVARRA;31200;93
CLINICA UNIVERSIDAD DE NAVARRA;AVENIDA PIO XII 36 -;312016;Pamplona/Iruña;31;NAVARRA;15;C. FORAL DE NAVARRA;31008;230
CENTRO HOSPITALARIO BENITO MENNI;CALLE MENDINUETA S/N -;310500;Baztan;31;NAVARRA;15;C. FORAL DE NAVARRA;31700;154
CLINICA PSIQUIATRICA PADRE MENNI;CALLE JOAQUIN BEUNZA 45 -;312016;Pamplona/Iruña;31;NAVARRA;15;C. FORAL DE NAVARRA;31014;234
HOSPITAL SAN JUAN DE DIOS;CALLE BELOSO ALTO 3 -;312016;Pamplona/Iruña;31;NAVARRA;15;C. FORAL DE NAVARRA;31006;230
CLINICA SAN MIGUEL - PAMPLONA;CALLE BELOSO ALTO. 32 -;312016;Pamplona/Iruña;31;NAVARRA;15;C. FORAL DE NAVARRA;31006;72
CENTRO SAN FRANCISCO JAVIER;AVENIDA VILLAVA 53 -;312016;Pamplona/Iruña;31;NAVARRA;15;C. FORAL DE NAVARRA;31015;28
CLINICA PSICOGERIATRICA JOSEFINA ARREGUI;CALLE ERBURU S/N -;310109;Altsasu/Alsasua;31;NAVARRA;15;C. FORAL DE NAVARRA;31800;21
COMPLEJO HOSPITALARIO DE NAVARRA;CALLE IRUNLARREA 3 -;312016;Pamplona/Iruña;31;NAVARRA;15;C. FORAL DE NAVARRA;31008;1077
HOSPITAL SAN JOSE;CALLE BEATO TOMAS DE ZUMARRAGA, CALLE/KALEA 10;10590;Vitoria-Gasteiz;1;ÁLAVA;16;PAÍS VASCO;1008;68
HOSPITAL QUIRONSALUD VITORIA;CALLE ESPERANZA (LA) 3;10590;Vitoria-Gasteiz;1;ÁLAVA;16;PAÍS VASCO;1002;26
HOSPITAL DE CUIDADOS SAN ONOFRE SL;CALLE SALVATIERRABIDE 9;10590;Vitoria-Gasteiz;1;ÁLAVA;16;PAÍS VASCO;1007;92
HOSPITAL DE LEZA;CALLE VITORIA-LOGROÑO KM. 59 (ER/CR) S/N;10318;Laguardia;1;ÁLAVA;16;PAÍS VASCO;1309;63
RED DE SALUD MENTAL DE ARABA (HOSPITAL PSIQUIATRICO DE ARABA);CALLE ALAVA 43;10590;Vitoria-Gasteiz;1;ÁLAVA;16;PAÍS VASCO;1006;175
HOSPITAL UNIVERSITARIO ARABA (SEDE TXAGORRITXU Y SEDE SANTIAGO);CALLE JOSE ACHOTEGUI, CALLE/KALEA S/N;10590;Vitoria-Gasteiz;1;ÁLAVA;16;PAÍS VASCO;1009;806
MUTUALIA CLINICA PAKEA;CALLE PASEO DE ARRIOLA 26;200697;Donostia/San Sebastián;20;GUIPÚZCOA;16;PAÍS VASCO;20018;19
POLICLINICA GIPUZKOA;PASEO PASEO DE MIRAMON 174;200697;Donostia/San Sebastián;20;GUIPÚZCOA;16;PAÍS VASCO;20009;149
HOSPITAL BIDASOA (OSI BIDASOA);CALLE FINCA ZUBIETA, BARRIO MENDELU S/N;200369;Hondarribia;20;GUIPÚZCOA;16;PAÍS VASCO;20280;96
HOSPITAL DE MENDARO (OSI BAJO DEBA);CALLE MENDAROZABAL S/N;209014;Mendaro;20;GUIPÚZCOA;16;PAÍS VASCO;20850;111
ORGANIZACION SANITARIA INTEGRADA DEBAGOIENA;AVENIDA NAFARROA, AVENIDA/ETORBIDEA 16;200551;Arrasate/Mondragón;20;GUIPÚZCOA;16;PAÍS VASCO;20500;95
CLINICA SANTA MARIA DE LA ASUNCION (INVIZA, S. A.);CALLE CARRETERA IZASKUN 9;200718;Tolosa;20;GUIPÚZCOA;16;PAÍS VASCO;20400;120
HOSPITAL DE ZUMARRAGA (OSI GOIERRI - ALTO UROLA);GRUPO ARGIXAO S/N;200809;Zumarraga;20;GUIPÚZCOA;16;PAÍS VASCO;20700;118
HOSPITAL UNIVERSITARIO DONOSTIA;CALLE DOCTOR JOSE BEGIRISTAIN 109;200697;Donostia/San Sebastián;20;GUIPÚZCOA;16;PAÍS VASCO;20014;1034
FUNDACION ONKOLOGIKOA FUNDAZIOA;CALLE PASEO DOCTOR BEGUIRISTAIN 121;200697;Donostia/San Sebastián;20;GUIPÚZCOA;16;PAÍS VASCO;20014;26
HOSPITAL RICARDO BERMINGHAM;CAMINO LOS PINOS, CAMINO/BIDEA 35;200697;Donostia/San Sebastián;20;GUIPÚZCOA;16;PAÍS VASCO;20018;123
HOSPITAL SAN JUAN DE DIOS;CAMINO CAMINO SAN JUAN DE DIOS 12;200697;Donostia/San Sebastián;20;GUIPÚZCOA;16;PAÍS VASCO;20009;81
HOSPITAL AITA MENNI;CALLE GESALIBAR 15;200551;Arrasate/Mondragón;20;GUIPÚZCOA;16;PAÍS VASCO;20509;437
HOSPITAL PSIQUIATRICO SAN JUAN DE DIOS;CALLE GESALIBAR ( AU/BA ) 14;200551;Arrasate/Mondragón;20;GUIPÚZCOA;16;PAÍS VASCO;20509;276
SANATORIO USURBIL, S. L.;BARRIO SAN ESTEBAN AUZOA 48;200739;Usurbil;20;GUIPÚZCOA;16;PAÍS VASCO;20170;80
EIBAR OSPITALEA;CALLE 6-8 S/N;200300;Eibar;20;GUIPÚZCOA;16;PAÍS VASCO;20600;40
HOSPITAL UNIVERSITARIO BASURTO;AVENIDA MONTEVIDEO 16-18;480209;Bilbao;48;VIZCAYA;16;PAÍS VASCO;48013;697
HOSPITAL CRUZ ROJA DE BILBAO (VICTORIA EUGENIA);ALAMEDA URQUIJO (DE) 65;480209;Bilbao;48;VIZCAYA;16;PAÍS VASCO;48013;68
CLINICA VIRGEN BLANCA;CALLE MAESTRO MENDIRI 2;480209;Bilbao;48;VIZCAYA;16;PAÍS VASCO;48006;74
CLINICA GUIMON, S.A.;CALLE MANUEL ALLENDE 24;480209;Bilbao;48;VIZCAYA;16;PAÍS VASCO;48010;42
SANATORIO BILBAINO;CALLE GORDONIZ 18;480209;Bilbao;48;VIZCAYA;16;PAÍS VASCO;48010;44
CLINICA INDAUTXU, S.A.;CALLE GORDONIZ 9;480209;Bilbao;48;VIZCAYA;16;PAÍS VASCO;48010;36
HOSPITAL UNIVERSITARIO CRUCES;PLAZA CRUCES 12;480139;Barakaldo;48;VIZCAYA;16;PAÍS VASCO;48903;981
HOSPITAL SAN ELOY;AVENIDA AVDA. ANTONIO MIRANDA 5;480139;Barakaldo;48;VIZCAYA;16;PAÍS VASCO;48902;128
HOSPITAL GALDAKAO-USANSOLO;CALLE LABEAGA 46A;480366;Galdakao;48;VIZCAYA;16;PAÍS VASCO;48960;481
HOSPITAL SAN JUAN DE DIOS;AVENIDA CRISTOBAL MURRIETA ( ET/AV ) 70;480828;Santurtzi;48;VIZCAYA;16;PAÍS VASCO;48980;100
HOSPITAL QUIRONSALUD BIZKAIA;CARRETERA LEIOA-UNBE, CARRETERA/ERREPIDEA 33;489026;Erandio;48;VIZCAYA;16;PAÍS VASCO;48950;110
HOSPITAL INTERMUTUAL DE EUSKADI;CALLE FONTECHA Y SALAZAR 6;480209;Bilbao;48;VIZCAYA;16;PAÍS VASCO;48007;44
CLINICA ERCILLA MUTUALIA;CALLE ERCILLA, CALLE/KALEA 10;480209;Bilbao;48;VIZCAYA;16;PAÍS VASCO;48009;22
HOSPITAL SANTA MARINA;CARRETERA SANTA MARINA, CARRETERA/ERREPIDEA 41;480209;Bilbao;48;VIZCAYA;16;PAÍS VASCO;48004;234
HOSPITAL DE GORLIZ;PASEO UREZARANTZA 1;480433;Gorliz;48;VIZCAYA;16;PAÍS VASCO;48630;149
AMSA SERVICIO DE PSIQUIATRIA;AVENIDA CRISTOBAL MURRIETA ( ET/AV ) 70;480828;Santurtzi;48;VIZCAYA;16;PAÍS VASCO;48980;24
HOSPITAL DE BERMEO;CALLE TONPOI BIDEA S/N;480176;Bermeo;48;VIZCAYA;16;PAÍS VASCO;48370;188
HOSPITAL DE ZALDIBAR;CALLE BILBAO ( ET/AV ) S/N;480950;Zaldibar;48;VIZCAYA;16;PAÍS VASCO;48250;120
HOSPITAL DE ZAMUDIO;BARRIO SAN MARTIN DE ARTEAGA ( AU/BA ) 45;489050;Zamudio;48;VIZCAYA;16;PAÍS VASCO;48170;142
CLINICA IMQ ZORROTZAURRE;CALLE BALLETS OLAETA 4;480209;Bilbao;48;VIZCAYA;16;PAÍS VASCO;48014;128
URDULIZ OSPITALEA;CALLE GOIETA KALEA 32;480890;Urduliz;48;VIZCAYA;16;PAÍS VASCO;48610;128
HOSPITAL DE LA RIOJA;AVENIDA AVENIDA DE VIANA 1;260892;Logroño;26;LA RIOJA;17;LA RIOJA;26071;68
CLINICA LOS MANZANOS;CALLE HNOS. MARISTAS S/N;260841;Lardero;26;LA RIOJA;17;LA RIOJA;26140;52
CENTRO SOCIOSANITARIO DE CONVALENCENCIA LOS JAZMINES;CALLE SEVERO OCHOA 5;260717;Haro;26;LA RIOJA;17;LA RIOJA;26200;26
FUNDACION HOSPITAL CALAHORRA;CARRETERA CARRETERA DE LOGROÑO S/N;260368;Calahorra;26;LA RIOJA;17;LA RIOJA;26500;80
HOSPITAL SAN PEDRO;CALLE PIQUERAS 98;260892;Logroño;26;LA RIOJA;17;LA RIOJA;26006;522
CENTRO ASISTENCIAL ALBELDA DE IREGUA;CARRETERA DE SORIA KM. 8;260051;Albelda de Iregua;26;LA RIOJA;17;LA RIOJA;26120;140
CENTRO SOCIOSANITARIO DE CONVALECENCIA NUESTRA SEÑORA VIRGEN DEL CARMEN;POLIGONO 38 PARCELA 10 HOYA VEDADA;260368;Calahorra;26;LA RIOJA;17;LA RIOJA;26500;75
POLICLINICO RIOJANO NUESTRA SEÑORA DE VALVANERA;CALLE RAMON Y CAJAL S/N;260892;Logroño;26;LA RIOJA;17;LA RIOJA;26006;87
HOSPITAL UNIVERSITARIO DE CEUTA;CALLE LOMA COLMENAR S/N;510013;Ceuta;51;CEUTA;18;CEUTA;51003;252
HOSPITAL COMARCAL DE MELILLA;CALLE REMONTA S/N;520018;Melilla;52;MELILLA;19;MELILLA;52005;170
